 x, y, latitude, longitude, zone, altitude, horiz_precision, vert_precision, planeType, dip, dipAzimuth, strike, declination, rockUnit, timedate, notes
629459.9178,5236190.91,47.266415,-91.288608, 15T,194.937999,5,3, Banding,16,206,116,-1.693, BRD, Fri Jul 26 11:25:42 2019,MSA
629459.9178,5236190.91,47.266415,-91.288608, 15T,194.937999,5,3, Banding,24,235,145,-1.693, BRD, Fri Jul 26 11:25:32 2019,MSA
631708.513,5239329.411,47.29419567,-91.25797003, 15T,3,5,-1, Bedding,32.82859802,16.93935585,286.9393616,-1.59843445, Interflow flow sediment, Fri Jul 26 16:04:27 2019,NSH
631705.95,5239331.18,47.2942121,-91.25800339, 15T,3,5,-1, Bedding,30.88442993,21.80567169,291.8056641,-1.59843445, Interflow flow sediment, Fri Jul 26 16:00:21 2019,NSH
629471.7724,5236215.251,47.26663178,-91.2884442, 15T,4,10,-1, Dike orientation ,81.84149933,286.1610107,196.1610107,-1.59843445, BRD, Fri Jul 26 11:56:57 2019,NSH
629474.6574,5236215.021,47.26662914,-91.28840614, 15T,3,10,-1, Dike orientation ,77.18288422,303.4911194,213.4911194,-1.59843445, BRD, Fri Jul 26 11:56:46 2019,NSH
629476.9151,5236210.42,47.26658732,-91.28837764, 15T,3,10,-1, Dike orientation ,88.92268372,295.0565186,205.0565186,-1.59843445, BRD, Fri Jul 26 11:53:18 2019,NSH
629479.4846,5236210.402,47.26658665,-91.2883437, 15T,3,10,-1, Dike orientation ,80.09960938,306.5798645,216.5798645,-1.59843445, BRD, Fri Jul 26 11:52:59 2019,NSH
629476.8408,5236214.383,47.26662298,-91.28837748, 15T,3,10,-1, Dike orientation ,77.36418915,298.2470703,208.2470703,-1.59843445, BRD, Fri Jul 26 11:52:47 2019,NSH
629476.7607,5236214.275,47.26662202,-91.28837856, 15T,3,10,-1, Dike orientation ,87.62718201,282.454773,192.454773,-1.59843445, BRD, Fri Jul 26 11:52:36 2019,NSH
631609.7511,5239193.403,47.29299224,-91.25931582, 15T,3,5,-1, Flow banding,15.85875607,119.8586426,29.85864258,-1.59843445, BRD, Fri Jul 26 15:41:51 2019,NSH
631610.1633,5239192.834,47.29298704,-91.25931054, 15T,3,5,-1, Flow banding,13.5806036,152.9810181,62.98101807,-1.59843445, BRD, Fri Jul 26 15:40:56 2019,NSH
631608.6407,5239191.738,47.29297749,-91.259331, 15T,3,5,-1, Flow banding,19.66357231,109.1601105,19.16011047,-1.59843445, BRD, Fri Jul 26 15:40:42 2019,NSH
629454.4043,5236194.712,47.26645048,-91.28867964, 15T,3,5,-1, Flow banding,14.93923759,199.5926209,109.5926209,-1.59843445, BRD, Fri Jul 26 12:28:43 2019,NSH
629456.4301,5236196.057,47.26646218,-91.28865249, 15T,3,5,-1, Flow banding,21.00986862,203.4831238,113.4831238,-1.59843445, BRD, Fri Jul 26 12:27:05 2019,NSH
629461.6527,5236190.189,47.26640836,-91.28858518, 15T,3,5,-1, Flow banding,14.88835239,205.0259857,115.0259857,-1.59843445, BRD, Fri Jul 26 12:25:13 2019,NSH
622759.0496,5228715.78,47.200467,-91.379204, 15T,234.707092,5,3,Columnar Joint,78,318,228,-1.572, BRD, Thu Jul 25 12:25:41 2019,YZ
622758.9006,5228716.532,47.200473,-91.379206, 15T,234.964072,5,3,Columnar Joint,89,131,41,-1.572, BRD, Thu Jul 25 12:25:28 2019,YZ
622757.5879,5228717.352,47.200481,-91.379223, 15T,235.209531,5,3,Columnar Joint,86,116,26,-1.572, BRD, Thu Jul 25 12:25:24 2019,YZ
622757.3315,5228717.468,47.200482,-91.379226, 15T,235.278486,5,3,Columnar Joint,77,342,252,-1.572, BRD, Thu Jul 25 12:25:22 2019,YZ
622757.8668,5228715.546,47.200465,-91.37922, 15T,235.375907,5,3,Columnar Joint,85,343,253,-1.572, BRD, Thu Jul 25 12:25:16 2019,YZ
622758.5807,5228715.421,47.200463,-91.379211, 15T,235.270793,5,3,Columnar Joint,88,160,70,-1.572, BRD, Thu Jul 25 12:25:14 2019,YZ
622757.7399,5228714.01,47.200451,-91.379222, 15T,234.83884,5,3,Columnar Joint,79,114,24,-1.572, BRD, Thu Jul 25 12:25:11 2019,YZ
622757.8365,5228713.332,47.200445,-91.379221, 15T,234.766253,5,3,Columnar Joint,88,143,53,-1.572, BRD, Thu Jul 25 12:25:05 2019,YZ
622755.479,5228715.533,47.200465,-91.379251, 15T,234.969434,5,3,Columnar Joint,77,92,2,-1.572, BRD, Thu Jul 25 12:25:02 2019,YZ
622755.1302,5228713.979,47.200451,-91.379257, 15T,234.7882,5,3,Columnar Joint,76,84,354,-1.572, BRD, Thu Jul 25 12:24:59 2019,YZ
622755.1257,5228713.583,47.200447,-91.379257, 15T,234.447621,5,3,Columnar Joint,76,95,5,-1.572, BRD, Thu Jul 25 12:24:56 2019,YZ
622754.066,5228712.928,47.200442,-91.379271, 15T,234.707149,5,3,Columnar Joint,83,167,77,-1.572, BRD, Thu Jul 25 12:24:54 2019,YZ
622754.6565,5228711.714,47.200431,-91.379263, 15T,234.389389,5,3,Columnar Joint,76,93,3,-1.572, BRD, Thu Jul 25 12:24:48 2019,YZ
622753.8737,5228711.484,47.200429,-91.379274, 15T,234.852099,5,3,Columnar Joint,85,155,65,-1.572, BRD, Thu Jul 25 12:24:45 2019,YZ
622753.7451,5228711.253,47.200427,-91.379276, 15T,234.972649,5,3,Columnar Joint,77,89,359,-1.572, BRD, Thu Jul 25 12:24:38 2019,YZ
622756.102,5228710.915,47.200423,-91.379245, 15T,235.129211,5,3,Columnar Joint,88,325,235,-1.572, BRD, Thu Jul 25 12:24:35 2019,YZ
622756.102,5228710.915,47.200423,-91.379245, 15T,235.129211,5,3,Columnar Joint,87,89,359,-1.572, BRD, Thu Jul 25 12:24:29 2019,YZ
622756.102,5228710.915,47.200423,-91.379245, 15T,235.129211,5,3,Columnar Joint,67,81,351,-1.572, BRD, Thu Jul 25 12:24:26 2019,YZ
622756.102,5228710.915,47.200423,-91.379245, 15T,235.129211,5,3,Columnar Joint,82,135,45,-1.572, BRD, Thu Jul 25 12:24:19 2019,YZ
622756.7612,5228709.755,47.200413,-91.379236, 15T,235.427758,5,3,Columnar Joint,79,104,14,-1.572, BRD, Thu Jul 25 12:24:15 2019,YZ
622756.7939,5228709.098,47.200407,-91.379236, 15T,235.033857,5,3,Columnar Joint,77,78,348,-1.572, BRD, Thu Jul 25 12:24:09 2019,YZ
622755.1167,5228711.878,47.200432,-91.379257, 15T,235.583157,5,3,Columnar Joint,83,346,256,-1.572, BRD, Thu Jul 25 12:24:04 2019,YZ
622754.2234,5228712.689,47.20044,-91.379269, 15T,235.734248,5,3,Columnar Joint,76,91,1,-1.572, BRD, Thu Jul 25 12:24:01 2019,YZ
622754.1168,5228712.011,47.200434,-91.37927, 15T,235.460887,5,3,Columnar Joint,87,289,199,-1.572, BRD, Thu Jul 25 12:23:58 2019,YZ
622753.7621,5228713.191,47.200444,-91.379275, 15T,236.179108,5,3,Columnar Joint,87,333,243,-1.572, BRD, Thu Jul 25 12:23:54 2019,YZ
622753.6028,5228712.298,47.200436,-91.379277, 15T,236.178699,5,3,Columnar Joint,85,0,270,-1.572, BRD, Thu Jul 25 12:23:50 2019,YZ
622753.0261,5228710.707,47.200422,-91.379285, 15T,236.377034,5,3,Columnar Joint,73,97,7,-1.572, BRD, Thu Jul 25 12:23:46 2019,YZ
622747.233,5228693.617,47.200269,-91.379366, 15T,246.814514,5,3,Columnar Joint,76,195,105,-1.572, BRD, Thu Jul 25 12:23:23 2019,YZ
622747.255,5228695.314,47.200285,-91.379366, 15T,245.616089,10,4,Columnar Joint,73,109,19,-1.572, BRD, Thu Jul 25 12:23:16 2019,YZ
622747.3734,5228697.259,47.200302,-91.379363, 15T,244.666321,10,4,Columnar Joint,73,128,38,-1.572, BRD, Thu Jul 25 12:23:12 2019,YZ
622747.5107,5228699.517,47.200322,-91.379361, 15T,241.428345,10,6,Columnar Joint,87,144,54,-1.572, BRD, Thu Jul 25 12:23:03 2019,YZ
622746.9802,5228700.596,47.200332,-91.379368, 15T,241.065063,5,6,Columnar Joint,77,150,60,-1.572, BRD, Thu Jul 25 12:23:00 2019,YZ
622747.5343,5228699.909,47.200326,-91.379361, 15T,239.077393,5,6,Columnar Joint,86,43,313,-1.572, BRD, Thu Jul 25 12:22:57 2019,YZ
622748.8086,5228700.937,47.200335,-91.379344, 15T,238.487183,5,6,Columnar Joint,76,99,9,-1.572, BRD, Thu Jul 25 12:22:50 2019,YZ
622749.165,5228699.37,47.200321,-91.379339, 15T,239.148193,5,6,Columnar Joint,82,102,12,-1.572, BRD, Thu Jul 25 12:22:45 2019,YZ
622748.1202,5228700.443,47.200331,-91.379353, 15T,238.534119,5,6,Columnar Joint,82,38,308,-1.572, BRD, Thu Jul 25 12:22:41 2019,YZ
622747.2059,5228703.187,47.200355,-91.379364, 15T,234.533752,5,6,Columnar Joint,69,105,15,-1.572, BRD, Thu Jul 25 12:22:31 2019,YZ
622746.6089,5228705.02,47.200372,-91.379371, 15T,233.607666,5,6,Columnar Joint,88,173,83,-1.572, BRD, Thu Jul 25 12:22:28 2019,YZ
622747.85,5228705.199,47.200373,-91.379355, 15T,230.948914,5,6,Columnar Joint,87,160,70,-1.572, BRD, Thu Jul 25 12:22:21 2019,YZ
622748.3417,5228706.905,47.200389,-91.379348, 15T,228.890686,5,6,Columnar Joint,71,105,15,-1.572, BRD, Thu Jul 25 12:22:15 2019,YZ
622748.774,5228708.112,47.200399,-91.379342, 15T,228.25946,5,6,Columnar Joint,76,102,12,-1.572, BRD, Thu Jul 25 12:22:10 2019,YZ
622749.2567,5228708.108,47.200399,-91.379336, 15T,227.394104,5,6,Columnar Joint,85,143,53,-1.572, BRD, Thu Jul 25 12:22:05 2019,YZ
622563.9323,5228562.892,47.199128,-91.381821, 15T,234.168279,5,3,Columnar Joint,49,84,354,-1.572, BRD, Thu Jul 25 11:42:40 2019,YZ
622564.0254,5228562.386,47.199123,-91.38182, 15T,234.648659,5,3,Columnar Joint,81,343,253,-1.572, BRD, Thu Jul 25 11:42:34 2019,YZ
622564.8031,5228563.166,47.19913,-91.38181, 15T,234.486773,5,3,Columnar Joint,63,113,23,-1.572, BRD, Thu Jul 25 11:42:29 2019,YZ
622565.3685,5228562.549,47.199124,-91.381802, 15T,234.216357,5,3,Columnar Joint,54,95,5,-1.572, BRD, Thu Jul 25 11:42:27 2019,YZ
622564.7442,5228565.397,47.19915,-91.38181, 15T,234.645168,5,3,Columnar Joint,67,24,294,-1.572, BRD, Thu Jul 25 11:42:14 2019,YZ
622564.8521,5228565.706,47.199153,-91.381808, 15T,233.822935,5,3,Columnar Joint,63,121,31,-1.572, BRD, Thu Jul 25 11:42:11 2019,YZ
622567.9434,5228570.383,47.199194,-91.381766, 15T,233.679882,5,3,Columnar Joint,62,7,277,-1.572, BRD, Thu Jul 25 11:41:59 2019,YZ
622569.315,5228567.639,47.199169,-91.381749, 15T,233.642549,5,3,Columnar Joint,66,112,22,-1.572, BRD, Thu Jul 25 11:41:53 2019,YZ
622571.6466,5228569.444,47.199185,-91.381718, 15T,233.845384,5,3,Columnar Joint,58,358,268,-1.572, BRD, Thu Jul 25 11:41:46 2019,YZ
622572.5021,5228568.921,47.19918,-91.381706, 15T,233.809585,5,3,Columnar Joint,61,122,32,-1.572, BRD, Thu Jul 25 11:41:38 2019,YZ
622572.6069,5228569.385,47.199184,-91.381705, 15T,234.373303,5,3,Columnar Joint,68,9,279,-1.572, BRD, Thu Jul 25 11:41:34 2019,YZ
622572.5815,5228571.835,47.199207,-91.381705, 15T,234.446192,5,3,Columnar Joint,46,15,285,-1.572, BRD, Thu Jul 25 11:41:25 2019,YZ
622575.734,5228572.031,47.199208,-91.381663, 15T,234.599176,5,3,Columnar Joint,65,5,275,-1.572, BRD, Thu Jul 25 11:41:13 2019,YZ
622575.7555,5228571.91,47.199207,-91.381663, 15T,234.786994,5,3,Columnar Joint,57,130,40,-1.572, BRD, Thu Jul 25 11:41:10 2019,YZ
622577.3298,5228573.177,47.199218,-91.381642, 15T,234.402893,5,3,Columnar Joint,43,71,341,-1.572, BRD, Thu Jul 25 11:41:02 2019,YZ
622576.6512,5228572.823,47.199215,-91.381651, 15T,233.822803,5,3,Columnar Joint,71,144,54,-1.572, BRD, Thu Jul 25 11:40:59 2019,YZ
622576.1296,5228571.941,47.199207,-91.381658, 15T,234.098275,5,3,Columnar Joint,69,127,37,-1.572, BRD, Thu Jul 25 11:40:53 2019,YZ
622580.5898,5228575.23,47.199236,-91.381598, 15T,233.500793,5,3,Columnar Joint,89,320,230,-1.572, BRD, Thu Jul 25 11:40:43 2019,YZ
622581.3043,5228573.241,47.199218,-91.381589, 15T,233.713928,5,3,Columnar Joint,73,128,38,-1.572, BRD, Thu Jul 25 11:40:35 2019,YZ
622583.8757,5228573.896,47.199223,-91.381555, 15T,230.85637,5,3,Columnar Joint,50,116,26,-1.572, BRD, Thu Jul 25 11:40:30 2019,YZ
622586.3429,5228572.526,47.19921,-91.381523, 15T,233.632888,5,3,Columnar Joint,78,136,46,-1.572, BRD, Thu Jul 25 11:40:22 2019,YZ
622588.5523,5228571.341,47.199199,-91.381494, 15T,234.976322,5,3,Columnar Joint,83,127,37,-1.572, BRD, Thu Jul 25 11:40:11 2019,YZ
622589.5534,5228572.681,47.199211,-91.38148, 15T,233.857725,5,3,Columnar Joint,72,135,45,-1.572, BRD, Thu Jul 25 11:40:04 2019,YZ
622592.3785,5228582.85,47.199302,-91.38144, 15T,233.097142,5,3,Columnar Joint,68,104,14,-1.572, BRD, Thu Jul 25 11:39:44 2019,YZ
622592.4429,5228583.112,47.199304,-91.381439, 15T,233.702394,5,3,Columnar Joint,83,346,256,-1.572, BRD, Thu Jul 25 11:39:37 2019,YZ
622594.9377,5228585.317,47.199324,-91.381406, 15T,233.728889,5,3,Columnar Joint,52,96,6,-1.572, BRD, Thu Jul 25 11:39:28 2019,YZ
622593.9911,5228584.407,47.199316,-91.381419, 15T,234.060683,5,3,Columnar Joint,74,338,248,-1.572, BRD, Thu Jul 25 11:39:22 2019,YZ
622594.3802,5228585.859,47.199329,-91.381413, 15T,234.190614,5,3,Columnar Joint,70,122,32,-1.572, BRD, Thu Jul 25 11:39:14 2019,YZ
631609.4318,5239195.777,47.29301366,-91.25931934, 15T,3,5,-1,Columnar Joint,88.1479187,24.39850426,294.3984985,-1.59843445, BRD, Fri Jul 26 15:42:33 2019,NSH
631611.0433,5239192.891,47.29298738,-91.25929889, 15T,3,5,-1,Columnar Joint,87.25634766,303.2998962,213.2998962,-1.59843445, BRD, Fri Jul 26 15:42:21 2019,NSH
631611.0433,5239192.891,47.29298738,-91.25929889, 15T,3,5,-1,Columnar Joint,81.84770203,299.6885376,209.6885376,-1.59843445, BRD, Fri Jul 26 15:42:14 2019,NSH
631610.9199,5239193.024,47.29298859,-91.25930049, 15T,3,5,-1,Columnar Joint,87.37976837,59.11032104,329.110321,-1.59843445, BRD, Fri Jul 26 15:42:08 2019,NSH
631610.5695,5239193.668,47.29299446,-91.25930493, 15T,3,5,-1,Columnar Joint,84.58403778,277.8138123,187.8138123,-1.59843445, BRD, Fri Jul 26 15:42:03 2019,NSH
631610.3617,5239195.588,47.29301177,-91.25930711, 15T,3,5,-1,Columnar Joint,74.69989777,279.4287109,189.4287109,-1.59843445, BRD, Fri Jul 26 15:41:32 2019,NSH
631610.5652,5239196.697,47.2930217,-91.25930409, 15T,3,5,-1,Columnar Joint,85.03477478,33.89300156,303.8930054,-1.59843445, BRD, Fri Jul 26 15:41:28 2019,NSH
631610.173,5239194.386,47.293001,-91.25930996, 15T,3,5,-1,Columnar Joint,86.45446014,308.671875,218.671875,-1.59843445, BRD, Fri Jul 26 15:41:06 2019,NSH
631607.8331,5239189.003,47.29295305,-91.25934248, 15T,3,5,-1,Columnar Joint,87.07220459,308.4570923,218.4570923,-1.59843445, BRD, Fri Jul 26 15:40:18 2019,NSH
631608.0674,5239189.871,47.29296081,-91.25933913, 15T,3,5,-1,Columnar Joint,82.51174164,269.1733093,179.1733093,-1.59843445, BRD, Fri Jul 26 15:40:11 2019,NSH
631609.7966,5239191.936,47.29297904,-91.25931566, 15T,3,5,-1,Columnar Joint,82.08872223,296.5532227,206.5532227,-1.59843445, BRD, Fri Jul 26 15:39:58 2019,NSH
631610.5178,5239192.292,47.2929821,-91.25930602, 15T,3,5,-1,Columnar Joint,82.60770416,293.3722534,203.3722534,-1.59843445, BRD, Fri Jul 26 15:39:48 2019,NSH
631610.7907,5239193.981,47.29299723,-91.25930191, 15T,3,5,-1,Columnar Joint,75.3401413,271.6465759,181.6465759,-1.59843445, BRD, Fri Jul 26 15:39:42 2019,NSH
631613.2986,5239194.964,47.29300557,-91.25926847, 15T,3,5,-1,Columnar Joint,85.42862701,32.56336975,302.5633545,-1.59843445, BRD, Fri Jul 26 15:39:36 2019,NSH
629464.676,5236200.133,47.26649721,-91.28854235, 15T,3,5,-1,Columnar Joint,87.87813568,325.6236267,235.6236267,-1.59843445, BRD, Fri Jul 26 12:36:09 2019,NSH
629464.676,5236200.133,47.26649721,-91.28854235, 15T,3,5,-1,Columnar Joint,89,283.4618225,193.4618225,-1.59843445, BRD, Fri Jul 26 12:35:59 2019,NSH
629464.4445,5236201.144,47.26650635,-91.28854511, 15T,3,5,-1,Columnar Joint,89,279.9799194,189.9799194,-1.59843445, BRD, Fri Jul 26 12:35:48 2019,NSH
629466.8099,5236201.755,47.26651138,-91.28851368, 15T,3,5,-1,Columnar Joint,89,18.99077034,288.9907837,-1.59843445, BRD, Fri Jul 26 12:35:40 2019,NSH
629467.7518,5236199.879,47.26649432,-91.28850178, 15T,3,5,-1,Columnar Joint,83.1971283,332.0083008,242.0083008,-1.59843445, BRD, Fri Jul 26 12:35:33 2019,NSH
629467.7518,5236199.879,47.26649432,-91.28850178, 15T,3,5,-1,Columnar Joint,84.62338257,105.0171509,15.01715088,-1.59843445, BRD, Fri Jul 26 12:35:24 2019,NSH
629464.0127,5236189.313,47.26640002,-91.28855425, 15T,3,5,-1,Columnar Joint,88.93920898,272.271759,182.271759,-1.59843445, BRD, Fri Jul 26 12:32:55 2019,NSH
629463.906,5236192.148,47.26642555,-91.28855484, 15T,4,5,-1,Columnar Joint,83.41464996,355.8053284,265.8053284,-1.59843445, BRD, Fri Jul 26 12:32:28 2019,NSH
629466.0675,5236192.224,47.2664258,-91.28852625, 15T,4,5,-1,Columnar Joint,81.46097565,288.377533,198.377533,-1.59843445, BRD, Fri Jul 26 12:32:22 2019,NSH
622745.2802,5228718.546,47.20049396,-91.37938525, 15T,3,5,-1,Columnar Joint,79.75188446,109.8369904,19.83699036,-1.59843445, BRD, Thu Jul 25 15:53:05 2019,NSH
622746.5437,5228719.481,47.20050213,-91.37936831, 15T,3,5,-1,Columnar Joint,88.39674377,318.9692078,228.9692078,-1.59843445, BRD, Thu Jul 25 15:53:00 2019,NSH
622747.6404,5228719.578,47.2005028,-91.37935381, 15T,3,5,-1,Columnar Joint,85.41146851,163.2840118,73.28401184,-1.59843445, BRD, Thu Jul 25 15:52:50 2019,NSH
622746.7948,5228724.21,47.20054463,-91.3793637, 15T,3,5,-1,Columnar Joint,85.92202759,136.9370422,46.93704224,-1.59843445, BRD, Thu Jul 25 15:52:44 2019,NSH
622748.9784,5228718.762,47.20049521,-91.37933638, 15T,3,5,-1,Columnar Joint,87.13794708,142.1856995,52.18569946,-1.59843445, BRD, Thu Jul 25 15:52:37 2019,NSH
622746.7327,5228719.555,47.20050276,-91.3793658, 15T,3,5,-1,Columnar Joint,79.54180908,1.9984864,271.9984741,-1.59843445, BRD, Thu Jul 25 15:52:30 2019,NSH
622742.4566,5228711.997,47.20043558,-91.37942431, 15T,4,5,-1,Columnar Joint,79.7072525,130.5876312,40.58763123,-1.59843445, BRD, Thu Jul 25 14:32:07 2019,NSH
622742.6817,5228712.165,47.20043704,-91.37942129, 15T,4,5,-1,Columnar Joint,74.55352783,67.34342194,337.3434143,-1.59843445, BRD, Thu Jul 25 14:32:01 2019,NSH
622742.3904,5228711.819,47.20043398,-91.37942523, 15T,4,5,-1,Columnar Joint,82.45468903,64.47285461,334.4728394,-1.59843445, BRD, Thu Jul 25 14:31:54 2019,NSH
622743.9651,5228711.837,47.20043386,-91.37940444, 15T,4,5,-1,Columnar Joint,86.45810699,26.54241562,296.5424194,-1.59843445, BRD, Thu Jul 25 14:31:46 2019,NSH
622743.7559,5228711.819,47.20043373,-91.37940721, 15T,6,5,-1,Columnar Joint,77.63716125,112.1119309,22.11193085,-1.59843445, BRD, Thu Jul 25 14:31:41 2019,NSH
622743.7559,5228711.819,47.20043373,-91.37940721, 15T,6,5,-1,Columnar Joint,77.88368225,108.586853,18.58685303,-1.59843445, BRD, Thu Jul 25 14:31:35 2019,NSH
622759.4549,5228708.492,47.20040088,-91.37920093, 15T,8,10,-1,Columnar Joint,89,16.23579025,286.2357788,-1.59843445, BRD, Thu Jul 25 14:30:05 2019,NSH
622759.4549,5228708.492,47.20040088,-91.37920093, 15T,8,10,-1,Columnar Joint,77.71646881,114.810463,24.81046295,-1.59843445, BRD, Thu Jul 25 14:29:58 2019,NSH
622758.0703,5228710.942,47.20042317,-91.37921853, 15T,12,10,-1,Columnar Joint,84.5991745,180.7826691,90.78266907,-1.59843445, BRD, Thu Jul 25 14:29:50 2019,NSH
622745.8896,5228709.384,47.20041144,-91.37937971, 15T,3,5,-1,Columnar Joint,78.08235931,142.3834992,52.38349915,-1.59843445, BRD, Thu Jul 25 14:28:36 2019,NSH
622749.4186,5228707.347,47.20039245,-91.3793337, 15T,3,5,-1,Columnar Joint,79.36930084,36.37715912,306.3771668,-1.59843445, BRD, Thu Jul 25 14:28:28 2019,NSH
622741.6924,5228712.093,47.20043658,-91.37943436, 15T,3,5,-1,Columnar Joint,81.06473541,31.75652504,301.7565308,-1.59843445, BRD, Thu Jul 25 14:28:20 2019,NSH
622742.4496,5228712.943,47.20044408,-91.37942414, 15T,3,5,-1,Columnar Joint,85.36133575,36.26210022,306.262085,-1.59843445, BRD, Thu Jul 25 14:28:14 2019,NSH
622742.8946,5228712.924,47.20044383,-91.37941827, 15T,3,5,-1,Columnar Joint,82.42465973,136.592041,46.59204102,-1.59843445, BRD, Thu Jul 25 14:28:07 2019,NSH
622745.2164,5228715.195,47.20046382,-91.37938701, 15T,3,5,-1,Columnar Joint,89,169.6196442,79.61964417,-1.59843445, BRD, Thu Jul 25 14:27:46 2019,NSH
622745.4139,5228715.776,47.20046902,-91.37938424, 15T,3,5,-1,Columnar Joint,74.69837189,107.5048142,17.50481415,-1.59843445, BRD, Thu Jul 25 14:27:37 2019,NSH
622744.4489,5228721.264,47.20051856,-91.37939547, 15T,3,5,-1,Columnar Joint,81.2095108,111.3869247,21.38692474,-1.59843445, BRD, Thu Jul 25 14:27:27 2019,NSH
622744.0623,5228722.756,47.20053205,-91.37940017, 15T,3,5,-1,Columnar Joint,88.97222137,145.3614044,55.36140442,-1.59843445, BRD, Thu Jul 25 14:27:20 2019,NSH
622743.8043,5228722.028,47.20052556,-91.37940377, 15T,3,5,-1,Columnar Joint,84.47374725,123.2929916,33.29299164,-1.59843445, BRD, Thu Jul 25 14:27:13 2019,NSH
622742.5087,5228719.886,47.20050653,-91.37942146, 15T,3,5,-1,Columnar Joint,76.37269592,98.91400146,8.91400146,-1.59843445, BRD, Thu Jul 25 14:27:05 2019,NSH
622745.15,5228718.394,47.20049262,-91.37938701, 15T,3,5,-1,Columnar Joint,84.72262573,348.0727234,258.0727234,-1.59843445, BRD, Thu Jul 25 14:26:59 2019,NSH
622745.6214,5228718.017,47.20048914,-91.37938089, 15T,3,5,-1,Columnar Joint,89,147.9484253,57.94842529,-1.59843445, BRD, Thu Jul 25 14:26:52 2019,NSH
622754.9255,5228726.592,47.20056453,-91.37925575, 15T,4,5,-1,Columnar Joint,88.11681366,10.05041695,280.050415,-1.59843445, BRD, Thu Jul 25 14:26:33 2019,NSH
622754.9255,5228726.592,47.20056453,-91.37925575, 15T,4,5,-1,Columnar Joint,87.85183716,349.8485718,259.8485718,-1.59843445, BRD, Thu Jul 25 14:26:28 2019,NSH
622753.211,5228723.826,47.20053997,-91.37927913, 15T,4,5,-1,Columnar Joint,76.26869965,354.9575195,264.9575195,-1.59843445, BRD, Thu Jul 25 14:26:15 2019,NSH
622753.0096,5228719.149,47.20049794,-91.37928307, 15T,4,5,-1,Columnar Joint,89,170.5377502,80.53775024,-1.59843445, BRD, Thu Jul 25 14:25:57 2019,NSH
622752.75,5228719.111,47.20049764,-91.37928651, 15T,6,5,-1,Columnar Joint,73.89728546,95.02531433,5.02531433,-1.59843445, BRD, Thu Jul 25 14:25:49 2019,NSH
622752.3595,5228717.118,47.20047979,-91.37929221, 15T,8,10,-1,Columnar Joint,89,355.1274109,265.1274109,-1.59843445, BRD, Thu Jul 25 14:25:43 2019,NSH
622758.9442,5228735.538,47.20064424,-91.37920026, 15T,16,10,-1,Columnar Joint,74.61692047,84.83676147,354.8367615,-1.59843445, BRD, Thu Jul 25 14:25:37 2019,NSH
622750.5428,5228723.249,47.20053528,-91.3793145, 15T,6,5,-1,Columnar Joint,75.1053772,87.13730621,357.1372986,-1.59843445, BRD, Thu Jul 25 14:24:26 2019,NSH
622752.6493,5228726.103,47.20056055,-91.37928592, 15T,6,5,-1,Columnar Joint,80.48796844,88.72992706,358.7299194,-1.59843445, BRD, Thu Jul 25 14:24:09 2019,NSH
622753.5401,5228723.885,47.20054043,-91.37927477, 15T,6,5,-1,Columnar Joint,88.62876892,353.9019165,263.9019165,-1.59843445, BRD, Thu Jul 25 14:24:04 2019,NSH
622753.5401,5228723.885,47.20054043,-91.37927477, 15T,6,5,-1,Columnar Joint,79.75299072,97.44785309,7.44785309,-1.59843445, BRD, Thu Jul 25 14:23:57 2019,NSH
622568.8247,5228560.654,47.19910667,-91.38175724, 15T,3,5,-1,Columnar Joint,62.01169968,12.58175659,282.5817566,-1.59843445, BRD, Thu Jul 25 12:46:39 2019,NSH
622567.8591,5228561.277,47.19911245,-91.38176981, 15T,3,5,-1,Columnar Joint,65.21466064,29.12279129,299.1228027,-1.59843445, BRD, Thu Jul 25 12:46:33 2019,NSH
622567.2617,5228560.99,47.19910998,-91.38177778, 15T,3,5,-1,Columnar Joint,72.19759369,104.2786942,14.27869415,-1.59843445, BRD, Thu Jul 25 12:46:23 2019,NSH
622567.0596,5228562.467,47.19912331,-91.38178004, 15T,3,5,-1,Columnar Joint,71.05521393,116.3794785,26.37947845,-1.59843445, BRD, Thu Jul 25 12:46:17 2019,NSH
622568.0814,5228564.646,47.19914271,-91.38176596, 15T,3,5,-1,Columnar Joint,48.12120056,66.04444885,336.0444336,-1.59843445, BRD, Thu Jul 25 12:46:10 2019,NSH
622569.4845,5228561.912,47.19911786,-91.38174819, 15T,3,5,-1,Columnar Joint,54.02829742,40.8500061,310.8500061,-1.59843445, BRD, Thu Jul 25 12:45:54 2019,NSH
622571.2594,5228561.161,47.19911078,-91.38172497, 15T,3,5,-1,Columnar Joint,82.38375092,337.9749451,247.9749451,-1.59843445, BRD, Thu Jul 25 12:45:44 2019,NSH
622572.6902,5228561.382,47.19911249,-91.38170603, 15T,3,5,-1,Columnar Joint,69.82234955,133.3541565,43.35415649,-1.59843445, BRD, Thu Jul 25 12:45:38 2019,NSH
622573.7734,5228562.746,47.19912456,-91.38169136, 15T,3,5,-1,Columnar Joint,61.9932518,87.6088562,357.6088562,-1.59843445, BRD, Thu Jul 25 12:45:33 2019,NSH
622574.3356,5228567.795,47.19916987,-91.38168256, 15T,3,5,-1,Columnar Joint,49.85761261,107.9201202,17.92012024,-1.59843445, BRD, Thu Jul 25 12:45:20 2019,NSH
622574.78,5228568.111,47.19917263,-91.38167661, 15T,3,5,-1,Columnar Joint,55.61459351,8.13187981,278.131897,-1.59843445, BRD, Thu Jul 25 12:45:11 2019,NSH
622575.1268,5228568.845,47.19917917,-91.38167183, 15T,3,5,-1,Columnar Joint,43.85000229,77.78587341,347.7858887,-1.59843445, BRD, Thu Jul 25 12:45:06 2019,NSH
622576.7766,5228568.609,47.19917674,-91.38165012, 15T,3,5,-1,Columnar Joint,60.29432678,19.09778595,289.0977783,-1.59843445, BRD, Thu Jul 25 12:44:58 2019,NSH
622577.9186,5228569.281,47.19918257,-91.38163487, 15T,3,5,-1,Columnar Joint,68.98797607,354.4525757,264.4525757,-1.59843445, BRD, Thu Jul 25 12:44:52 2019,NSH
622577.8442,5228568.58,47.19917628,-91.38163604, 15T,3,5,-1,Columnar Joint,55.12641907,114.2047195,24.20471954,-1.59843445, BRD, Thu Jul 25 12:44:45 2019,NSH
622579.2324,5228568.101,47.19917171,-91.38161785, 15T,3,5,-1,Columnar Joint,59.07947922,117.2192688,27.2192688,-1.59843445, BRD, Thu Jul 25 12:44:40 2019,NSH
622579.4798,5228568.115,47.1991718,-91.38161458, 15T,3,5,-1,Columnar Joint,41.59788132,64.11610413,334.1160889,-1.59843445, BRD, Thu Jul 25 12:44:36 2019,NSH
622591.1566,5228576.842,47.19924811,-91.38145809, 15T,3,10,-1,Columnar Joint,47.47752762,124.9960556,34.9960556,-1.59843445, BRD, Thu Jul 25 12:43:09 2019,NSH
622592.613,5228577.357,47.19925247,-91.38143873, 15T,3,5,-1,Columnar Joint,51.88902664,33.66800308,303.6679993,-1.59843445, BRD, Thu Jul 25 12:42:59 2019,NSH
622594.3523,5228578.32,47.19926081,-91.38141551, 15T,3,5,-1,Columnar Joint,49.09449768,63.9099617,333.9099731,-1.59843445, BRD, Thu Jul 25 12:42:53 2019,NSH
622593.6237,5228577.928,47.19925742,-91.38142523, 15T,3,5,-1,Columnar Joint,83.14472198,316.1235352,226.1235352,-1.59843445, BRD, Thu Jul 25 12:42:48 2019,NSH
622595.4932,5228581.801,47.19929191,-91.3813995, 15T,3,5,-1,Columnar Joint,62.91575241,111.5014877,21.50148773,-1.59843445, BRD, Thu Jul 25 12:42:35 2019,NSH
622595.0836,5228580.115,47.19927682,-91.38140537, 15T,3,5,-1,Columnar Joint,49.80210495,58.53090286,328.5309143,-1.59843445, BRD, Thu Jul 25 12:42:28 2019,NSH
622593.6426,5228580.998,47.19928504,-91.38142414, 15T,3,5,-1,Columnar Joint,70.2853775,353.5100708,263.5100708,-1.59843445, BRD, Thu Jul 25 12:42:22 2019,NSH
622593.4711,5228581,47.19928508,-91.38142641, 15T,3,5,-1,Columnar Joint,62.9150238,346.7106323,256.7106323,-1.59843445, BRD, Thu Jul 25 12:42:15 2019,NSH
622601.3299,5228585.482,47.19932393,-91.38132147, 15T,3,5,-1,Columnar Joint,55.61953354,0.69196987,270.6919556,-1.59843445, BRD, Thu Jul 25 12:42:00 2019,NSH
622602.5973,5228584.697,47.19931663,-91.38130495, 15T,3,5,-1,Columnar Joint,42.2612648,89.47756195,359.4775696,-1.59843445, BRD, Thu Jul 25 12:41:51 2019,NSH
622600.3828,5228587.661,47.19934371,-91.38133337, 15T,3,5,-1,Columnar Joint,86.78896332,133.470108,43.47010803,-1.59843445, BRD, Thu Jul 25 12:41:13 2019,NSH
622600.091,5228587.953,47.19934639,-91.38133714, 15T,3,5,-1,Columnar Joint,64.91500092,16.23419189,286.2341919,-1.59843445, BRD, Thu Jul 25 12:41:05 2019,NSH
622601.8364,5228587.393,47.19934103,-91.38131426, 15T,3,5,-1,Columnar Joint,82.51544189,353.8230896,263.8230896,-1.59843445, BRD, Thu Jul 25 12:40:57 2019,NSH
622602.0604,5228589.765,47.19936232,-91.38131065, 15T,3,5,-1,Columnar Joint,55.32061386,97.09288025,7.09288025,-1.59843445, BRD, Thu Jul 25 12:40:50 2019,NSH
622602.9899,5228590.576,47.19936944,-91.38129816, 15T,3,5,-1,Columnar Joint,58.03188324,108.4573746,18.45737457,-1.59843445, BRD, Thu Jul 25 12:40:44 2019,NSH
622600.5007,5228587.184,47.19933939,-91.38133194, 15T,3,5,-1,Columnar Joint,56.83605957,52.62471771,322.6247253,-1.59843445, BRD, Thu Jul 25 12:40:34 2019,NSH
622601.3147,5228587.131,47.19933876,-91.38132121, 15T,4,5,-1,Columnar Joint,68.0306015,132.2527161,42.25271606,-1.59843445, BRD, Thu Jul 25 12:40:27 2019,NSH
622599.4773,5228587.531,47.1993427,-91.38134535, 15T,3,5,-1,Columnar Joint,56.16469574,96.83381653,6.83381653,-1.59843445, BRD, Thu Jul 25 12:40:23 2019,NSH
622599.8569,5228587.296,47.19934052,-91.38134041, 15T,3,5,-1,Columnar Joint,60.90617752,21.23531342,291.235321,-1.59843445, BRD, Thu Jul 25 12:40:15 2019,NSH
622600.3732,5228585.369,47.19932309,-91.38133412, 15T,3,5,-1,Columnar Joint,48.15425873,78.91816711,348.9181519,-1.59843445, BRD, Thu Jul 25 12:40:02 2019,NSH
622591.8644,5228581.297,47.19928805,-91.38144753, 15T,3,5,-1,Columnar Joint,42.36116791,345.2239685,255.2239685,-1.59843445, BRD, Thu Jul 25 12:39:50 2019,NSH
622591.6292,5228583.762,47.19931026,-91.38144996, 15T,4,5,-1,Columnar Joint,55.1126709,92.45523071,2.45523071,-1.59843445, BRD, Thu Jul 25 12:39:36 2019,NSH
622593.0534,5228586.135,47.19933135,-91.38143051, 15T,4,5,-1,Columnar Joint,82.52974701,311.1209412,221.1209412,-1.59843445, BRD, Thu Jul 25 12:39:16 2019,NSH
622591.4194,5228586.53,47.1993352,-91.38145197, 15T,3,5,-1,Columnar Joint,52.82635117,89.63625336,359.636261,-1.59843445, BRD, Thu Jul 25 12:39:11 2019,NSH
629458.2249,5236193.184,47.266436,-91.28863, 15T,198.098607,5,3,Columnar Joint,84,287,197,-1.693, BRD, Fri Jul 26 11:27:04 2019,MSA
629458.8595,5236193.175,47.266436,-91.288621, 15T,197.888445,5,3,Columnar Joint,74,359,269,-1.693, BRD, Fri Jul 26 11:26:54 2019,MSA
629458.0494,5236193.087,47.266435,-91.288632, 15T,197.270308,5,3,Columnar Joint,84,339,249,-1.693, BRD, Fri Jul 26 11:26:36 2019,MSA
629459.9178,5236190.91,47.266415,-91.288608, 15T,194.937999,5,3,Columnar Joint,89,266,176,-1.693, BRD, Fri Jul 26 11:25:59 2019,MSA
622793.4955,5228729.648,47.200585,-91.378746, 15T,243.230469,5,3,Columnar Joint,82,75,345,-1.693, BRD, Thu Jul 25 15:46:18 2019,MSA
622789.2914,5228733.917,47.200624,-91.3788, 15T,239.332275,5,4,Columnar Joint,71,133,43,-1.693, BRD, Thu Jul 25 15:45:40 2019,MSA
622785.6749,5228731.294,47.200601,-91.378849, 15T,237.447083,5,6,Columnar Joint,79,139,49,-1.693, BRD, Thu Jul 25 15:45:26 2019,MSA
622781.7991,5228730.458,47.200594,-91.3789, 15T,230.083008,10,12,Columnar Joint,84,171,81,-1.693, BRD, Thu Jul 25 15:45:13 2019,MSA
622756.175,5228755.124,47.200821,-91.379231, 15T,210.283569,30,48,Columnar Joint,79,102,12,-1.693, BRD, Thu Jul 25 15:45:03 2019,MSA
622753.6546,5228713.166,47.200444,-91.379276, 15T,241.028557,5,3,Columnar Joint,73,100,10,-1.693, BRD, Thu Jul 25 12:07:07 2019,MSA
622576.6474,5228573.005,47.199216,-91.381651, 15T,235.466919,5,6,Columnar Joint,68,345,255,-1.693, BRD, Thu Jul 25 11:47:05 2019,MSA
622567.0662,5228578.388,47.199267,-91.381776, 15T,234.684326,10,8,Columnar Joint,46,69,339,-1.693, BRD, Thu Jul 25 11:46:54 2019,MSA
622576.9852,5228572.947,47.199216,-91.381646, 15T,242.064069,5,3,Columnar Joint,65,138,48,-1.693, BRD, Thu Jul 25 11:46:16 2019,MSA
622576.9852,5228572.947,47.199216,-91.381646, 15T,242.064069,5,3,Columnar Joint,42,90,0,-1.693, BRD, Thu Jul 25 11:46:13 2019,MSA
622576.8646,5228573.559,47.199221,-91.381648, 15T,244.339075,5,3,Columnar Joint,55,124,34,-1.693, BRD, Thu Jul 25 11:45:54 2019,MSA
622585.8907,5228575.652,47.199238,-91.381528, 15T,228.440735,5,4,Columnar Joint,67,123,33,-1.693, BRD, Thu Jul 25 11:41:47 2019,MSA
622593.5429,5228573.863,47.199221,-91.381427, 15T,230.779907,5,6,Columnar Joint,68,131,41,-1.693, BRD, Thu Jul 25 11:41:29 2019,MSA
622588.5964,5228585.143,47.199323,-91.38149, 15T,231.058417,5,4,Columnar Joint,79,132,42,-1.693, BRD, Thu Jul 25 11:40:43 2019,MSA
622588.5964,5228585.143,47.199323,-91.38149, 15T,231.058417,5,4,Columnar Joint,85,340,250,-1.693, BRD, Thu Jul 25 11:40:38 2019,MSA
622584.4434,5228587.564,47.199346,-91.381544, 15T,233.220581,5,4,Columnar Joint,50,97,7,-1.693, BRD, Thu Jul 25 11:40:24 2019,MSA