AREA,PERIMETER,GEMSTR_,GEMSTR_ID,RELATEID,TYPE,GCM_CODE,GEOC_SRC,GEOC_DATE,UTME,UTMN,UTM_ZONE,FIELD_STA,MEAS_ID,MEAS_DATE,GEOL_1,GEOL_2,REFRNCE,STRUCTURE,STRUC_TYPE,DIPD_TREND,DIP_PLUNGE,MRR_RELIAB,N_MEAS,SYM_CODE,DISPLAY,AVANGLE
0.00000,0.00000,"560","560",,OB,AS,MGS,"19940601","623549","5229179","15",A110.00,A110.00.1,"19850708",SGS,COR,NB:CNA/FM:264A.CW1,IT,P,"315","20",,"1","73","200000","45"
0.00000,0.00000,"562","562",,OB,AS,MGS,"19940601","624495","5230066","15",B122.00,B122.00.1,"19850710",BSE,SAR,NB:CNB/FM:264A.CW2,JC,L,"110","75",,"1","45","12000","250"
0.00000,0.00000,"563","563",,OB,AS,MGS,"19940601","623672","5229883","15",C105.00,C105.00.1,"19850710",JDM,SBS,NB:CNC/FM:264A.CW2,JJ,P,"230","42",,"1","132","12000","130"
0.00000,0.00000,"564","564",,OB,AS,MGS,"19940601","624977","5230834","15",B120.00,B120.00.1,"19850710",JAR,,NB:CNB/FM:264A.,IM,P,"138","8",,"0","73","200000","222"
0.00000,0.00000,"565","565",,OB,AS,MGS,"19940601","624796","5230635","15",B120.00,B120.00.2,"19850710",JAR,,NB:CNB/FM:264A.,IM,P,"57","75",,"0","73","12000","303"
0.00000,0.00000,"566","566",,OB,AS,MGS,"19940601","625399","5231625","15",B114.00,B114.00.1,"19850709",JDM,JAR,NB:CNB/FM:264A.NE1,IM,P,"30","30",,"0","73","200000","330"
0.00000,0.00000,"578","578",,OB,AS,MGS,"19940601","626998","5244431","15",C249.00,C249.00.1,"19850819",JDM,,NB:CNC/FM:288D.NC2,IM,P,"65","75",,"1","73","12000","295"
0.00000,0.00000,"580","580",,OB,AS,MGS,"19940601","626268","5244053","15",C165.00,C165.00.1,"19860721",JDM,JDM,NB:CNC/FM:288D.NC2,IM,P,"10","48",,"1","73","12000","350"
0.00000,0.00000,"585","585",,OB,AS,MGS,"19940601","628253","5247648","15",C272.00,C272.00.1,"19850821",JDM,,NB:CNC/FM:288D.NC1,JJ,P,"122","82",,"0","132","12000","238"
0.00000,0.00000,"586","586",,OB,AS,MGS,"19940601","629266","5247855","15",C265.00,C265.00.1,"19850821",JDM,,NB:CNC/FM:288D.NC1,JJ,P,"172","90",,"0","134","12000","188"
0.00000,0.00000,"591","591",,OB,AS,MGS,"19940601","625937","5242917","15",A207.00,A207.00.1,"19850813",COR,SGS,NB:CNA/FM:288D.CW4,JJ,P,"220","90",,"0","134","12000","140"
0.00000,0.00000,"604","604",,OB,AS,MGS,"19940601","628660","5241487","15",B195.00,B195.00.1,"19850816",BSE,JAR,NB:CNB/FM:288D.CC2,JJ,P,"80","82",,"0","132","12000","280"
0.00000,0.00000,"607","607",,OB,AS,MGS,"19940601","631103","5241655","15",C438.00,C438.00.1,"19860821",JDM,,NB:CNC/FM:288D.CE1,IM,P,"220","90",,"0","126","12000","140"
0.00000,0.00000,"608","608",,OB,AS,MGS,"19940601","631055","5241713","15",B196.00,B196.00.1,"19860819",COR,,NB:CNB/FM:288D.CE1,VB,P,"135","32",,"0","122","200000","225"
0.00000,0.00000,"609","609",,OB,AS,MGS,"19940601","629519","5241513","15",B191.00,B191.00.1,"19850815",JAR,,NB:CNB/FM:288D.CC2,IM,P,"71","24",,"1","73","200000","289"
0.00000,0.00000,"617","617",,OB,AS,MGS,"19940601","630336","5241657","15",C448.00,C448.00.1,"19860825",JDM,,NB:CNC/FM:288D.CE1,IL,P,"188","12",,"0","103","12000","172"
0.00000,0.00000,"619","619",,OB,AS,MGS,"19940601","629354","5240065","15",C455.00,C455.00.1,"19860826",JDM,,NB:CNC/FM:288D.CC2,VF,P,"300","12",,"0","124","12000","60"
0.00000,0.00000,"620","620",,OB,AS,MGS,"19940601","625189","5239184","15",A182.00,A182.00.1,"19850805",SGS,BSE,NB:CNA/FM:288D.CW1,JC,L,"75","8",,"0","45","12000","285"
0.00000,0.00000,"621","621",,OB,AS,MGS,"19940601","625360","5239337","15",A183.00,A183.00.1,"19850805",SGS,BSE,NB:CNA/FM:288D.CW1,JC,L,"115","79",,"0","45","12000","245"
0.00000,0.00000,"622","622",,OB,AS,MGS,"19940601","625430","5239795","15",A184.00,A184.00.1,"19850805",SGS,BSE,NB:CNA/FM:288D.CW1,JC,L,"84","86",,"0","45","12000","276"
0.00000,0.00000,"623","623",,OB,AS,MGS,"19940601","626382","5239637","15",A193.00,A193.00.1,"19850807",SGS,BSE,NB:CNA/FM:288D.CC1,IM,P,"110","73",,"0","73","12000","250"
0.00000,0.00000,"625","625",,OB,AS,MGS,"19940601","625059","5237539","15",B166.00,B166.00.1,"19850726",SGS,JAR,NB:CNB/FM:288D.SW2,JC,L,"270","77",,"0","45","12000","90"
0.00000,0.00000,"626","626",,OB,AS,MGS,"19940601","624752","5237687","15",B165.00,B165.00.1,"19850726",SGS,JAR,NB:CNB/FM:288D.SW2,JC,L,"104","57",,"0","45","12000","256"
0.00000,0.00000,"630","631",,OB,AS,MGS,"19940601","628378","5238387","15",A204.00,A204.00.1,"19850809",SGS,BSE,NB:CNA/FM:288D.SC3,VC,P,"175","18",,"0","124","12000","185"
0.00000,0.00000,"632","633",,OB,AS,MGS,"19940601","628090","5238845","15",C274.00,C274.00.1,"19850822",JDM,,NB:CNC/FM:288D.SC3,JC,L,"283","27",,"0","45","12000","77"
0.00000,0.00000,"640","641",,OB,AS,MGS,"19940601","625047","5235221","15",C139.00,C139.00.1,"19850719",JDM,,NB:CNC/FM:288D.SW1,JC,L,"250","80",,"1","45","12000","110"
0.00000,0.00000,"641","642",,OB,AS,MGS,"19940601","624510","5234840","15",C132.00,C132.00.1,"19850718",JDM,,NB:CNC/FM:288D.SW1,JC,L,"117","35",,"0","45","12000","243"
0.00000,0.00000,"643","644",,OB,AS,MGS,"19940601","625652","5239652","15",A183.00,A183.00.2,"19850805",SGS,BSE,NB:CNA/FM:288D.CW1,JJ,P,"205","80",,"0","132","12000","155"
0.00000,0.00000,"644","645",,OB,AS,MGS,"19940601","625646","5239653","15",A183.00,A183.00.3,"19850805",SGS,BSE,NB:CNA/FM:288D.CW1,JJ,P,"115","90",,"0","134","12000","245"
0.00000,0.00000,"658","868",,OB,AS,MGS,"19940601","630499","5250732","15",F166.00,F166.00.1,"19870827",JDM,,NB:CNF/FM:288A.SC3,JJ,P,"215","75",,"0","132","12000","145"
0.00000,0.00000,"659","869",,OB,AS,MGS,"19940601","629989","5249183","15",F107.00,F107.00.1,"19870729",JDM,,NB:CNF/FM:288A.SS4,JC,L,"125","70",,"0","45","12000","235"
0.00000,0.00000,"660","870",,OB,AS,MGS,"19940601","629783","5248402","15",B393.00,B393.00.1,"19870708",TJB,WJD,NB:CNF/FM:288A.SS4,JJ,P,"195","87",,"0","132","12000","165"
0.00000,0.00000,"661","871",,OB,AS,MGS,"19940601","630484","5250747","15",F166.00,F166.00.2,"19870827",JDM,,NB:CNF/FM:288A.SC3,JJ,P,"125","80",,"0","132","12000","235"
0.00000,0.00000,"662","872",,OB,AS,MGS,"19940601","630003","5249189","15",F107.00,F107.00.2,"19870729",JDM,,NB:CNF/FM:288A.SS4,DC,p,"210","90",,"0","100","12000","150"
0.00000,0.00000,"663","873",,OB,AS,MGS,"19940601","630143","5249106","15",F107.00,F107.00.3,"19870730",JDM,,NB:CNF/FM:288A.SS4,JJ,P,"180","90",,"0","134","12000","180"
0.00000,0.00000,"664","874",,OB,AS,MGS,"19940601","630150","5249118","15",F107.00,F107.00.4,"19870730",JDM,,NB:CNF/FM:288A.SS4,JJ,P,"78","90",,"0","134","12000","282"
0.00000,0.00000,"673","1187",,OB,AS,MGS,"19940601","630943","5238760","15",A235.00,A235.00.1,"19850822",JAR,SGS,NB:CNA/FM:288D.SC3,IM,P,"332","18",,"1","73","12000","28"
0.00000,0.00000,"674","1188",,OB,AS,MGS,"19940601","631454","5239315","15",A233.00,A233.00.1,"19850822",JAR,SGS,NB:CNA/FM:288D.SC3,IM,P,"355","54",,"1","73","200000","5"
0.00000,0.00000,"675","1189",,OB,AS,MGS,"19940601","631344","5239129","15",A233.00,A233.00.2,"19850822",JAR,SGS,NB:CNA/FM:288D.SC3,DF,P,"290","80",,"1","89","12000","70"
0.00000,0.00000,"685","1216",,OB,AS,MGS,"19940601","624800","5236008","15",B158.01,B158.01.1,"0",JDM,,,CI,P,"80","13",,"1","75","12000","280"
0.00000,0.00000,"686","1217",,OB,AS,MGS,"19940601","624614","5235815","15",B158.00,B158.00.2,"0",JDM,,,JC,L,"265","75",,"1","45","12000","95"
0.00000,0.00000,"690","1221",,OB,AS,MGS,"19940601","624699","5237807","15",B163.00,B163.00.1,"19850726",SGS,JAR,NB:CNB/FM:288D.SW2,JJ,P,"135","80",,"1","132","12000","225"
0.00000,0.00000,"703","1234",,OB,AS,MGS,"19940601","627307","5238232","15",A276.00,A276.00.1,"19860709",JDM,,NB:CNA/FM:288D.SC2,VC,P,"14","21",,"1","124","12000","346"
0.00000,0.00000,"724","1276",,OB,AS,MGS,"19940601","624482","5229493","15",A116.00,A116.00.1,"19850709",SGS,COR,NB:CNA/FM:264A.CW1,IM,P,"275","80",,"1","73","12000","85"
0.00000,0.00000,"725","1277",,OB,AS,MGS,"19940601","624627","5230376","15",B121.00,B121.00.1,"19850711",JDM,BSE,NB:CNB/FM:264A.CW2,IM,P,"175","20",,"1","73","12000","185"
0.00000,0.00000,"726","1278",,OB,AS,MGS,"19940601","624618","5230301","15",B121.00,B121.00.2,"19850711",JDM,BSE,NB:CNB/FM:264A.CW2,IM,P,"140","32",,"1","73","12000","220"
0.00000,0.00000,"727","1279",,OB,AS,MGS,"19940601","624545","5229898","15",B122.00,B122.00.2,"19850710",,,NB:CNB/FM:264A.CW2,IM,P,"132","9",,"1","73","200000","228"
0.00000,0.00000,"728","1280",,OB,AS,MGS,"19940601","624632","5230626","15",B126.00,B126.00.1,"19850711",JDM,BSE,NB:CNB/FM:264A.CW2,IM,P,"155","75",,"1","73","12000","205"
0.00000,0.00000,"729","1281",,OB,AS,MGS,"19940601","624696","5230813","15",B125.00,B125.00.1,"19850711",JDM,BSE,NB:CNB/FM:264A.CW2,JC,L,"100","77",,"1","45","12000","260"
0.00000,0.00000,"730","1282",,OB,AS,MGS,"19940601","624559","5230788","15",C113.00,C113.00.1,"19850711",JDM,,NB:CNC/FM:264A.CW2,JC,L,"160","75",,"1","45","12000","200"
0.00000,0.00000,"731","1283",,OB,AS,MGS,"19940601","625578","5231511","15",B111.00,B111.00.1,"19850709",JDM,JAR,NB:CNB/FM:264A.NE1,IT,P,"40","15",,"1","73","12000","320"
0.00000,0.00000,"735","1287",,OB,AS,MGS,"19940601","624076","5233647","15",C136.00,C136.00.1,"19850718",JDM,COR,NB:CNC/FM:264A.NW1,IM,P,"30","15",,"1","73","200000","330"
0.00000,0.00000,"798","1412",,OB,AS,MGS,"19940601","629099","5248393","15",F105.00,F105.00.1,"19870729",JDM,,NB:CNF/FM:288A.SS3,JB,P,"140","20",,"1","132","12000","220"
0.00000,0.00000,"799","1413",,OB,AS,MGS,"19940601","631932","5252451","15",F135.00,F135.00.1,"19870807",JDM,,NB:CNF/FM:288A.SC3,IL,P,"200","28",,"1","103","12000","160"
0.00000,0.00000,"800","1414",,OB,AS,MGS,"19940601","631919","5252476","15",F135.00,F135.00.2,"19870807",JDM,WJD,NB:CNF/FM:288A.SC3,JJ,P,"52","70",,"1","132","12000","308"
0.00000,0.00000,"801","1415",,OB,AS,MGS,"19940601","631597","5252598","15",F134.00,F134.00.1,"19870807",JDM,,NB:CNF/FM:288A.SC3,IM,P,"95","30",,"1","73","12000","265"
0.00000,0.00000,"802","1416",,OB,AS,MGS,"19940601","631694","5252570","15",F134.00,F134.00.2,"19870807",JDM,DMP,NB:CNF/FM:288A.SC3,IL,P,"82","25",,"1","103","200000","278"
0.00000,0.00000,"879","2531",,,,,"0","628994","5235191","15",,A140.00.1,"19850715",COR,JAR,NB:CNA/FM:288D.SE1,JJ,P,"286","57",,"1","132","12000","74"
0.00000,0.00000,"881","2533",,,,,"0","629201","5235378","15",,A143.00.2,"19850717",COR,JAR,NB:CNA/FM:288D.SE1,JJ,P,"274","76",,"1","132","12000","86"
0.00000,0.00000,"882","2534",,,,,"0","628705","5236072","15",,A146.00.1,"19850717",COR,JAR,NB:CNA/FM:288D.SE1,DF,P,"120","90",,"1","112","12000","240"
0.00000,0.00000,"883","2535",,,,,"0","628942","5235494","15",,A145.01.1,"19850717",COR,JAR,NB:CNA/FM:288D.SE1,DB,P,"202","78",,"1","108","12000","158"
0.00000,0.00000,"884","2536",,,,,"0","628951","5235491","15",,A145.01.2,"19850717",COR,JAR,NB:CNA/FM:288D.SE1,DF,P,"138","54",,"1","89","12000","222"
0.00000,0.00000,"885","2537",,,,,"0","629008","5235470","15",,A144.00.1,"19850717",COR,JAR,NB:CNA/FM:288D.SE1,DB,P,"4","90",,"1","112","12000","356"
0.00000,0.00000,"913","1190",,OB,AS,MGS,"19940601","628852","5236594","15",A157.00,A157.00.1,"19850722",JAR,COR,NB:CNA/FM:288D.SE1,IM,P,"293","35",,"1","73","200000","67"
0.00000,0.00000,"917","1178",,OB,AS,MGS,"19940601","629443","5237180","15",C194.00,C194.00.1,"19850805",JDM,,NB:CNC/FM:288D.SC3,DI,P,"90","90",,"1","112","12000","270"
0.00000,0.00000,"951","2559",,OB,AS,MGS,"19940601","633012","5241577","15",C385.00,C385.00.1,"19860728",JDM,,NB:CNC/FM:287C.SW2,CI,P,"90","90",,"1","144","12000","270"
0.00000,0.00000,"959","2568",,OB,AS,MGS,"19940601","633710","5241973","15",C409.00,C409.00.1,"19860731",JDM,,NB:CNC/FM:287C.SW2,DF,P,"45","90",,"1","112","12000","315"
0.00000,0.00000,"988","2600",,OB,AS,MGS,"19940601","635697","5243523","15",A334.00,A334.00.1,"19860818",DKH,COR,NB:CNA/FM:287C.CC2,VS,P,"65","24",,"1","80","12000","295"
0.00000,0.00000,"989","2599",,OB,AS,MGS,"19940601","635690","5243295","15",A333.00,A333.00.1,"19860815",JDM,TJB,NB:CNA/FM:287C.CC2,CI,P,"40","90",,"1","144","12000","320"
0.00000,0.00000,"990","2598",,OB,AS,MGS,"19940601","635680","5243280","15",A332.00,A332.00.1,"19860815",JDM,TJB,NB:CNA/FM:287C.CC2,JC,L,"57","10",,"1","45","12000","303"
0.00000,0.00000,"992","2601",,OB,AS,MGS,"19940601","635552","5243133","15",A331.00,A331.00.1,"19860815",JDM,TJB,NB:CNA/FM:287C.CC2,IM,P,"328","62",,"1","73","12000","32"
0.00000,0.00000,"1000","2615",,OB,AS,MGS,"19940601","636397","5244112","15",A367.00,A367.00.2,"19860827",TJB,COR,NB:CNA/FM:287C.CC1,CI,P,"70","90",,"1","144","12000","290"
0.00000,0.00000,"1001","2614",,OB,AS,MGS,"19940601","636419","5244107","15",A367.00,A367.00.3,"19860827",TJB,COR,NB:CNA/FM:287C.CC1,VL,P,"5","19",,"1","124","12000","355"
0.00000,0.00000,"1002","2613",,OB,AS,MGS,"19940601","636484","5244083","15",A368.00,A368.00.1,"19860827",TJB,COR,NB:CNA/FM:287C.CC1,IM,P,"212","85",,"1","73","12000","148"
0.00000,0.00000,"1003","2611",,OB,AS,MGS,"19940601","636495","5244069","15",A368.00,A368.00.2,"19880725",JDM,,NB:JMN/FM:287C.CC2,IM,P,"220","75",,"1","73","12000","140"
0.00000,0.00000,"1006","2620",,OB,AS,MGS,"19940601","636005","5243988","15",A340.00,A340.00.1,"19880606",JDM,,NB:JMN/FM:287C.CC3,VL,P,"125","59",,"1","124","12000","235"
0.00000,0.00000,"1007","2621",,OB,AS,MGS,"19940601","636102","5243976","15",A340.00,A340.00.2,"19880606",JDM,,NB:JMN/FM:287C.CC3,VL,P,"107","58",,"1","124","12000","253"
0.00000,0.00000,"1008","2622",,OB,AS,MGS,"19940601","636120","5243964","15",A340.00,A340.00.3,"19880606",JDM,,NB:JMN/FM:287C.CC3,VC,P,"133","62",,"1","124","12000","227"
0.00000,0.00000,"1009","2623",,OB,AS,MGS,"19940601","635853","5244122","15",A426.00,A426.00.1,"19870710",JDM,MJS,NB:CNA/FM:287C.CC3,JM,P,"130","90",,"1","133","12000","230"
0.00000,0.00000,"1010","2625",,OB,AS,MGS,"19940601","635870","5244102","15",A426.00,A426.00.4,"19870710",JDM,,NB:CNA/FM:287C.CC3,JJ,P,"75","83",,"1","132","12000","285"
0.00000,0.00000,"1011","2626",,OB,AS,MGS,"19940601","635880","5244100","15",A426.00,A426.00.2,"19870710",JDM,MJS,NB:CNA/FM:287C.CC3,VB,P,"120","65",,"1","122","12000","240"
0.00000,0.00000,"1012","2624",,OB,AS,MGS,"19940601","635866","5244105","15",A426.00,A426.00.3,"19870710",JDM,,NB:CNA/FM:287C.CC3,JJ,P,"240","50",,"1","132","12000","120"
0.00000,0.00000,"1013","2634",,OB,AS,MGS,"19940601","635679","5244202","15",A341.00,A341.00.4,"19870710",JDM,MJS,NB:CNA/FM:287C.CC3,VB,P,"85","64",,"2","122","12000","275"
0.00000,0.00000,"1014","2633",,OB,AS,MGS,"19940601","635692","5244198","15",A341.00,A341.00.5,"19870710",JDM,MJS,NB:CNA/FM:287C.CC3,VB,P,"84","52",,"1","122","12000","276"
0.00000,0.00000,"1015","2632",,OB,AS,MGS,"19940601","635740","5244163","15",A341.00,A341.00.6,"19870710",JDM,MJS,NB:CNA/FM:287C.CC3,VB,P,"92","63",,"1","122","12000","268"
0.00000,0.00000,"1017","2628",,OB,AS,MGS,"19940601","635731","5244203","15",A341.00,A341.00.7,"19870710",JDM,MJS,NB:CNA/FM:287C.CC3,VB,P,"87","61",,"2","122","12000","273"
0.00000,0.00000,"1018","2629",,OB,AS,MGS,"19940601","635761","5244189","15",A341.00,A341.00.2,"19860819",COR,DKH,NB:CNA/FM:287C.CC2,VC,P,"85","54",,"1","124","12000","275"
0.00000,0.00000,"1019","2631",,OB,AS,MGS,"19940601","635767","5244185","15",A341.00,A341.00.8,"19870710",JDM,MJS,NB:CNA/FM:287C.CC3,CI,P,"80","74",,"1","75","12000","280"
0.00000,0.00000,"1021","2637",,OB,AS,MGS,"19940601","635482","5244269","15",A343.00,A343.00.2,"19870710",JDM,MJS,NB:CNA/FM:287C.CC3,SB,P,"165","11",,"1","80","12000","195"
0.00000,0.00000,"1022","2638",,OB,AS,MGS,"19940601","635500","5244274","15",A343.00,A343.00.1,"19860819",COR,DKH,NB:CNA/FM:287C.CC2,SB,P,"172","13",,"1","80","12000","188"
0.00000,0.00000,"1023","2635",,OB,AS,MGS,"19940601","635563","5244321","15",A342.00,A342.00.1,"19860819",COR,DKH,NB:CNA/FM:287C.CC2,JC,L,"245","13",,"1","45","12000","115"
0.00000,0.00000,"1024","2636",,OB,AS,MGS,"19940601","635592","5244237","15",A342.00,A342.00.2,"19870710",JDM,MJS,NB:CNA/FM:287C.CC2,VL,P,"310","55",,"1","124","12000","50"
0.00000,0.00000,"1026","2643",,OB,AS,MGS,"19940601","636086","5243721","15",A337.00,A337.00.4,"19880607",JDM,,NB:JMN/FM:287C.CC3,CI,P,"340","70",,"1","75","12000","20"
0.00000,0.00000,"1029","2641",,OB,AS,MGS,"19940601","636145","5243754","15",A337.00,A337.00.5,"19880607",JDM,,NB:JMN/FM:287C.CC3,VC,P,"100","27",,"1","124","12000","260"
0.00000,0.00000,"1037","2658",,OB,AS,MGS,"19940601","632969","5246070","15",C517.00,C517.00.1,"19870821",DMP,JDM,NB:CNC/FM:287C.NW3,JC,L,"340","10",,"1","45","12000","20"
0.00000,0.00000,"1038","2657",,OB,AS,MGS,"19940601","632444","5245606","15",C516.00,C516.00.1,"19870821",DMP,JDM,NB:CNC/FM:287C.NW3,CI,P,"70","90",,"1","144","12000","290"
0.00000,0.00000,"1040","2652",,OB,AS,MGS,"19940601","634073","5246054","15",B340.00,B340.00.1,"19860826",TJB,DKH,NB:CNB/FM:287C.NW1,JJ,P,"135","70",,"1","132","12000","225"
0.00000,0.00000,"1043","2655",,OB,AS,MGS,"19940601","632968","5244897","15",A418.00,A418.00.2,"19870708",JDM,MJS,NB:CNA/FM:287C.CW1,IM,P,"20","18",,"1","73","12000","340"
0.00000,0.00000,"1046","2660",,OB,AS,MGS,"19940601","635473","5244621","15",A347.00,A347.00.1,"19860819",COR,DKH,NB:CNA/FM:287C.CC2,JC,L,"35","9",,"1","45","12000","325"
0.00000,0.00000,"1053","2673",,OB,AS,MGS,"19940601","635700","5247001","15",A427.00,A427.00.1,"19870713",MSP,JDM,NB:CNA/FM:287C.NC1,IT,P,"85","21",,"1","73","12000","275"
0.00000,0.00000,"1054","2672",,OB,AS,MGS,"19940601","636057","5247182","15",A427.00,A427.00.2,"19870713",MSP,JDM,NB:CNA/FM:287C.NC1,IM,P,"356","57",,"1","73","12000","4"
0.00000,0.00000,"1055","2671",,OB,AS,MGS,"19940601","636294","5247508","15",A427.00,A427.00.3,"19870713",MSP,JDM,NB:CNA/FM:287C.NC1,IM,P,"50","21",,"1","73","12000","310"
0.00000,0.00000,"1056","2674",,OB,AS,MGS,"19940601","635420","5247417","15",B364.00,B364.00.1,"19860908",TJB,COR,NB:CNB/FM:287C.NW1,IM,P,"135","12",,"1","73","200000","225"
0.00000,0.00000,"1061","2680",,OB,AS,MGS,"19940601","636898","5245664","15",A363.00,A363.00.1,"19870713",TJB,,NB:CNB/FM:287C.NE1,JC,L,"330","60",,"1","45","12000","30"
0.00000,0.00000,"1067","2695",,OB,AS,MGS,"19940601","636230","5248127","15",B368.00,B368.00.1,"19860908",TJB,COR,NB:CNB/FM:287C.NE1,IM,P,"120","10",,"1","73","12000","240"
0.00000,0.00000,"1068","2696",,OB,AS,MGS,"19940601","637264","5248108","15",A448.00,A448.00.1,"19870721",WJD,MSP,NB:CNA/FM:287C.NC2,JJ,P,"248","86",,"1","132","12000","112"
0.00000,0.00000,"1069","2697",,OB,AS,MGS,"19940601","637275","5248101","15",A448.00,A448.00.2,"19870721",WJD,MSP,NB:CNA/FM:287C.NC2,JJ,P,"325","79",,"1","132","12000","35"
0.00000,0.00000,"1081","2715",,OB,AS,MGS,"19940601","636909","5246634","15",B369.00,B369.00.1,"19860909",TJB,COR,NB:CNB/FM:287C.NE1,VL,P,"242","16",,"1","124","12000","118"
0.00000,0.00000,"1098","2738",,OB,AS,MGS,"19940601","637797","5246953","15",C512.00,C512.00.1,"19870728",JDM,,NB:CNC/FM:287C.NE4,JB,P,"104","18",,"1","132","12000","256"
0.00000,0.00000,"1099","2760",,OB,AS,MGS,"19940601","637938","5247041","15",A386.00,A386.00.1,"19860919",JDM,,NB:CNA/FM:287C.NE4,IL,P,"190","20",,"1","103","12000","170"
0.00000,0.00000,"1100","2761",,OB,AS,MGS,"19940601","637930","5247015","15",A386.00,A386.00.2,"19860919",JDM,,NB:CNA/FM:287C.NE4,IL,P,"20","10",,"1","103","12000","340"
0.00000,0.00000,"1101","2758",,OB,AS,MGS,"19940601","637922","5246987","15",A386.00,A386.00.3,"19860919",JDM,,NB:CNA/FM:287C.NE4,IL,P,"25","18",,"1","103","12000","335"
0.00000,0.00000,"1102","2759",,OB,AS,MGS,"19940601","637904","5246937","15",A386.00,A386.00.5,"19860919",JDM,,NB:CNA/FM:287C.NE4,IL,P,"81","30",,"1","103","12000","279"
0.00000,0.00000,"1103","2762",,OB,AS,MGS,"19940601","637915","5246960","15",A386.00,A386.00.4,"19860919",JDM,,NB:CNA/FM:287C.NE4,IL,P,"30","20",,"1","103","12000","330"
0.00000,0.00000,"1104","2755",,OB,AS,MGS,"19940601","638001","5246946","15",C508.00,C508.00.1,"19870727",JDM,,NB:CNC/FM:287C.NE4,IL,P,"55","15",,"1","103","12000","305"
0.00000,0.00000,"1105","2756",,OB,AS,MGS,"19940601","637985","5246918","15",C508.00,C508.00.2,"19870727",JDM,,NB:CNC/FM:287C.NE4,IL,P,"35","25",,"1","103","12000","325"
0.00000,0.00000,"1106","2757",,OB,AS,MGS,"19940601","637952","5246879","15",C508.00,C508.00.3,"19870727",JDM,,NB:CNC/FM:287C.NE4,IL,P,"35","29",,"1","103","12000","325"
0.00000,0.00000,"1107","2754",,OB,AS,MGS,"19940601","638053","5246932","15",C507.00,C507.00.1,"19870727",JDM,,NB:CNC/FM:287C.NE4,IL,P,"63","14",,"1","103","12000","297"
0.00000,0.00000,"1110","2753",,OB,AS,MGS,"19940601","638140","5246929","15",B417.00,B417.00.3,"19870722",JDM,TJB,NB:CNB/FM:287C.NE4,IM,P,"79","20",,"2","73","12000","281"
0.00000,0.00000,"1111","2750",,OB,AS,MGS,"19940601","638129","5246963","15",B417.00,B417.00.4,"19870722",JDM,TJB,NB:CNB/FM:287C.NE4,JM,P,"140","80",,"1","131","12000","220"
0.00000,0.00000,"1116","2741",,OB,AS,MGS,"19940601","637982","5246810","15",A387.00,A387.00.1,"19860919",JDM,,NB:CNA/FM:287C.NE4,VC,P,"0","65",,"1","124","12000","360"
0.00000,0.00000,"1122","2707",,OB,AS,MGS,"19940601","638539","5248122","15",B406.00,B406.00.6,"19870721",JDM,TJB,NB:CNB/FM:287C.NE4,VC,P,"140","26",,"1","124","12000","220"
0.00000,0.00000,"1123","2705",,OB,AS,MGS,"19940601","638563","5248171","15",B406.00,B406.00.5,"19870721",JDM,TJB,NB:CNB/FM:287C.NE4,CI,P,"180","72",,"1","75","12000","180"
0.00000,0.00000,"1124","2706",,OB,AS,MGS,"19940601","638575","5248202","15",B406.00,B406.00.4,"19870721",JDM,TJB,NB:CNB/FM:287C.NE4,CI,P,"65","25",,"1","75","12000","295"
0.00000,0.00000,"1125","2773",,OB,AS,MGS,"19940601","638593","5248245","15",B406.00,B406.00.3,"19870721",JDM,TJB,NB:CNB/FM:287C.NE4,SF,L,"202","35",,"1","155","12000","158"
0.00000,0.00000,"1126","2772",,OB,AS,MGS,"19940601","638591","5248243","15",B406.00,B406.00.2,"19870721",JDM,TJB,NB:CNB/FM:287C.NE4,JM,P,"112","85",,"1","131","12000","248"
0.00000,0.00000,"1127","2703",,OB,AS,MGS,"19940601","638712","5248046","15",B407.00,B407.00.2,"19870722",JDM,TJB,NB:CNB/FM:287C.NE4,VC,P,"315","15",,"1","124","12000","45"
0.00000,0.00000,"1128","2701",,OB,AS,MGS,"19940601","638697","5247952","15",B407.00,B407.00.3,"19870722",JDM,TJB,NB:CNB/FM:287C.NE4,JS,P,"68","78",,"1","131","12000","292"
0.00000,0.00000,"1129","2700",,OB,AS,MGS,"19940601","638713","5247924","15",B407.00,B407.00.4,"19870722",JDM,TJB,NB:CNB/FM:287C.NE4,JS,P,"123","90",,"1","133","12000","237"
0.00000,0.00000,"1140","2716",,OB,AS,MGS,"19940601","636911","5246650","15",B369.00,B369.00.2,"19870714",TJB,COR,NB:CNB/FM:287C.NE1,VL,P,"218","17",,"2","124","12000","142"
0.00000,0.00000,"1175","2686",,OB,AS,MGS,"19940601","637693","5262129","15",D264.00,D264.00.1,"19880809",JDM,,NB:CND/FM:287B.NN3,IM,P,"267","9",,"0","73","12000","93"
0.00000,0.00000,"1176","2683",,OB,AS,MGS,"19940601","637369","5261755","15",D261.00,D261.00.1,"19880808",JDM,,NB:CND/FM:287B.NN3,IM,P,"175","26",,"0","73","12000","185"
0.00000,0.00000,"1177","2682",,OB,AS,MGS,"19940601","637427","5261504","15",D267.00,D267.00.1,"19880810",JDM,EAJ,NB:CND/FM:287B.NN3,IL,P,"160","14",,"0","103","12000","200"
0.00000,0.00000,"1178","2687",,OB,AS,MGS,"19940601","637060","5261343","15",D259.00,D259.00.1,"19880808",JDM,DMP,NB:CND/FM:287B.NN3,IM,P,"105","22",,"0","73","200000","255"
0.00000,0.00000,"1179","2688",,OB,AS,MGS,"19940601","637239","5261135","15",D268.00,D268.00.1,"19880810",EAJ,JDM,NB:CND/FM:287B.NN3,IM,P,"6","10",,"0","73","12000","354"
0.00000,0.00000,"1180","2689",,OB,AS,MGS,"19940601","637130","5261009","15",D256.00,D256.00.1,"19880828",DMP,,NB:CND/FM:287B.NN3,IM,P,"52","23",,"0","73","12000","308"
0.00000,0.00000,"1181","2690",,OB,AS,MGS,"19940601","636895","5261027","15",D255.00,D255.00.1,"19880828",DMP,,NB:CND/FM:287B.NN3,IM,P,"110","27",,"0","73","12000","250"
0.00000,0.00000,"1182","2691",,OB,AS,MGS,"19940601","636859","5260871","15",D258.00,D258.00.1,"19880808",JDM,,NB:CND/FM:287B.NN3,IM,P,"109","29",,"0","73","12000","251"
0.00000,0.00000,"1183","2696",,OB,AS,MGS,"19940601","636385","5260483","15",D280.00,D280.00.1,"19880824",JCG,EAH,NB:CND/FM:287B.NN2,JS,P,"87","90",,"0","133","12000","273"
0.00000,0.00000,"1190","2725",,OB,AS,MGS,"19940601","641115","5257730","15",E193.00,E193.00.1,"19890925",DMP,,NB:CNE/FM:287B.NC4,IM,P,"152","7",,"0","73","12000","208"
0.00000,0.00000,"1191","2726",,OB,AS,MGS,"19940601","639601","5257250","15",E910.00,E910.00.1,"19900531",JDM,,NB:CNE/FM:287B.NC4,JJ,P,"235","80",,"0","132","12000","125"
0.00000,0.00000,"1194","2733",,OB,AS,MGS,"19940601","634791","5256819","15",F253.00,F253.00.1,"19880721",JDM,,NB:CNF/FM:287B.NC1,JJ,P,"90","85",,"0","132","12000","270"
0.00000,0.00000,"1204","2743",,OB,AS,MGS,"19940601","636304","5254820","15",E168.00,E168.00.1,"19870909",TJB,,NB:CNE/FM:287B.CC2,IM,P,"90","4",,"0","73","12000","270"
0.00000,0.00000,"1205","2746",,OB,AS,MGS,"19940601","635780","5254303","15",E170.00,E170.00.1,"19870909",TJB,,NB:CNE/FM:287B.CC2,IM,P,"135","5",,"0","73","12000","225"
0.00000,0.00000,"1206","2747",,OB,AS,MGS,"19940601","636684","5254673","15",E174.01,E174.01.1,"19870914",TJB,,NB:CNE/FM:287B.CC2,IM,P,"112","13",,"0","73","12000","248"
0.00000,0.00000,"1207","2749",,OB,AS,MGS,"19940601","640041","5254692","15",E144.00,E144.00.1,"19870821",TJB,SEB,NB:CNE/FM:287B.CC3,JC,L,"1","80",,"0","45","12000","359"
0.00000,0.00000,"1209","2752",,OB,AS,MGS,"19940601","640524","5254386","15",E138.00,E138.00.1,"19870819",TJB,DMP,NB:CNE/FM:287B.CC3,JC,L,"40","80",,"0","45","12000","320"
0.00000,0.00000,"1210","2751",,OB,AS,MGS,"19940601","640468","5254628","15",E140.00,E140.00.1,"19870819",TJB,DMP,NB:CNE/FM:287B.CC3,JC,L,"340","75",,"0","45","12000","20"
0.00000,0.00000,"1211","2766",,OB,AS,MGS,"19940601","639180","5253909","15",D210.00,D210.00.1,"19870916",SEB,DMP,NB:CND/FM:287B.CC3,JJ,P,"0","72",,"0","132","12000","360"
0.00000,0.00000,"1214","2772",,OB,AS,MGS,"19940601","636841","5252083","15",E154.00,E154.00.1,"19870828",TJB,,NB:CNE/FM:287B.SC2,JC,L,"352","80",,"0","45","12000","8"
0.00000,0.00000,"1215","2773",,OB,AS,MGS,"19940601","637173","5252065","15",E154.02,E154.02.1,"19870828",JDM,,NB:CNE/FM:287B.SC2,JB,P,"170","13",,"0","132","12000","190"
0.00000,0.00000,"1216","2775",,OB,AS,MGS,"19940601","635172","5254026","15",E158.00,E158.00.1,"19870831",TJB,,NB:CNE/FM:287B.CC1,JJ,P,"140","15",,"0","132","12000","220"
0.00000,0.00000,"1217","2781",,OB,AS,MGS,"19940601","633669","5252383","15",E163.00,E163.00.1,"19870902",TJB,NAN,NB:CNE/FM:287B.SC1,JJ,P,"195","90",,"0","134","12000","165"
0.00000,0.00000,"1218","2780",,OB,AS,MGS,"19940601","633183","5252526","15",E208.00,E208.00.1,"19880713",JDM,NAN,NB:CNE/FM:287B.SC1,JJ,P,"122","90",,"0","134","12000","238"
0.00000,0.00000,"1220","2776",,OB,AS,MGS,"19940601","632662","5252284","15",E161.00,E161.00.1,"19870901",TJB,JCG,NB:CNE/FM:287B.SC1,IM,P,"140","17",,"0","73","200000","220"
0.00000,0.00000,"1221","2782",,OB,AS,MGS,"19940601","634960","5251813","15",E149.00,E149.00.1,"19870825",TJB,,NB:CNE/FM:287B.SC1,,,"185","23",,"0","1","12000","175"
0.00000,0.00000,"1224","2788",,OB,AS,MGS,"19940601","637289","5249693","15",D130.00,D130.00.1,"19650913",JCG,MJS,NB:CND/FM:287B.JG2,JJ,P,"120","90",,"0","134","12000","240"
0.00000,0.00000,"1225","2789",,OB,AS,MGS,"19940601","637729","5249823","15",D126.00,D126.00.1,"19870728",WJD,MSP,NB:CND/FM:287B.JG2,IM,P,"130","13",,"0","73","12000","230"
0.00000,0.00000,"1226","2793",,OB,AS,MGS,"19940601","637721","5249665","15",D125.00,D125.00.1,"19650913",JCG,,NB:CND/FM:287B.JG1,IM,P,"245","10",,"0","73","12000","115"
0.00000,0.00000,"1227","2792",,OB,AS,MGS,"19940601","637968","5249990","15",D133.00,D133.00.1,"19870729",MSP,WJD,NB:CND/FM:287B.SS2,IM,P,"140","14",,"0","73","12000","220"
0.00000,0.00000,"1228","2790",,OB,AS,MGS,"19940601","637801","5250199","15",D132.00,D132.00.1,"19870729",MSP,WJD,NB:CND/FM:287B.SS2,IM,P,"85","9",,"0","73","12000","275"
0.00000,0.00000,"1230","2795",,OB,AS,MGS,"19940601","637392","5249595","15",D128.00,D128.00.1,"19870728",WJD,MSP,NB:CND/FM:287B.SS2,IM,P,"0","14",,"0","73","12000","360"
0.00000,0.00000,"1232","2802",,OB,AS,MGS,"19940601","638111","5249556","15",D134.00,D134.00.1,"19870729",WJD,MSP,NB:CND/FM:287B.SS2,IM,P,"48","39",,"0","73","12000","312"
0.00000,0.00000,"1233","2801",,OB,AS,MGS,"19940601","638173","5250037","15",D137.00,D137.00.1,"19870729",WJD,MSP,NB:CND/FM:287B.SS2,IM,P,"120","5",,"0","73","200000","240"
0.00000,0.00000,"1234","2799",,OB,AS,MGS,"19940601","638295","5251016","15",D145.00,D145.00.1,"19870730",WJD,MSP,NB:CND/FM:287B.SC3,JC,L,"106","80",,"0","45","12000","254"
0.00000,0.00000,"1235","2800",,OB,AS,MGS,"19940601","638354","5251091","15",D145.00,D145.00.1,"19870730",WJD,MSP,NB:CND/FM:287B.SC3,JC,L,"106","80",,"0","45","12000","254"
0.00000,0.00000,"1238","2750",,OB,AS,MGS,"19940601","640166","5254433","15",E144.00,E144.00.2,"19870821",TJB,SEB,NB:CNE/FM:287B.CC3,JC,L,"45","80",,"0","45","12000","315"
0.00000,0.00000,"1239","2826",,OB,AS,MGS,"19940601","640460","5254609","15",E140.00,E140.00.2,"19870819",TJB,DMP,NB:CNE/FM:287B.CC3,JJ,P,"22","75",,"0","132","12000","338"
0.00000,0.00000,"1240","2798",,OB,AS,MGS,"19940601","637866","5248972","15",D117.00,D117.00.2,"19650913",JCG,MJS,NB:CND/FM:287B.JG1,JJ,P,"10","75",,"0","132","12000","350"
0.00000,0.00000,"1241","2794",,OB,AS,MGS,"19940601","637744","5249563","15",D125.00,D125.00.2,"19650913",JCG,,NB:CND/FM:287B.JG1,IM,P,"175","5",,"0","73","12000","185"
0.00000,0.00000,"1242","2796",,OB,AS,MGS,"19940601","637812","5249420","15",D125.00,D125.00.3,"19650913",JCG,MJS,NB:CND/FM:287B.JG1,JJ,P,"62","15",,"0","132","12000","298"
0.00000,0.00000,"1243","2828",,OB,AS,MGS,"19940601","637291","5249698","15",D130.00,D130.00.2,"19650913",JCG,MJS,NB:CND/FM:287B.JG2,IM,P,"130","5",,"0","73","12000","230"
0.00000,0.00000,"1249","2833",,OB,AS,MGS,"19940601","639596","5257221","15",E910.00,E910.00.2,"19900531",JDM,,NB:CNE/FM:287B.NC4,JJ,P,"320","78",,"0","132","12000","40"
0.00000,0.00000,"1270","2571",,OB,AS,MGS,"19940601","637600","5262242","15",G144.00,G144.00.1,"19890720",JDM,,NB:CNG/FM:314C.SSC,IM,P,"228","16",,"0","73","12000","132"
0.00000,0.00000,"1275","2569",,OB,AS,MGS,"19940601","636864","5262477","15",H148.01,H148.01.1,"19890721",JDM,JDM,NB:CNH/FM:314C.SSC,IM,P,"85","90",,"0","126","200000","275"
0.00000,0.00000,"1280","2589",,OB,AS,MGS,"19940601","640173","5266755","15",G173.00,G173.00.1,"19890726",RCL,,NB:CNG/FM:314C.CSE,JJ,P,"115","55",,"0","132","12000","245"
0.00000,0.00000,"1283","2592",,OB,AS,MGS,"19940601","639647","5265984","15",H150.00,H150.00.1,"19890731",NAN,EAJ,NB:CNH/FM:314C.SCE,DF,P,"130","90",,"0","112","12000","230"
0.00000,0.00000,"1322","2553",,OB,AS,MGS,"19940601","643474","5271285","15",G577.00,G577.00.1,"19900914",JDM,,NB:CNG/FM:314D.NC2,IL,P,"125","30",,"0","103","12000","235"
0.00000,0.00000,"1323","2554",,OB,AS,MGS,"19940601","643457","5271352","15",H257.00,H257.00.1,"19900914",JDM,,NB:CNG/FM:314.D.NC,DC,p,"100","90",,"0","100","12000","260"
0.00000,0.00000,"1325","2557",,OB,AS,MGS,"19940601","642900","5270708","15",G582.00,G582.00.1,"19900514",JDM,,NB:CNG/FM:314D.NC2,IM,P,"140","42",,"0","73","12000","220"
0.00000,0.00000,"1326","2558",,OB,AS,MGS,"19940601","643150","5270828","15",G580.00,G580.00.1,"19900914",JDM,,NB:CNG/FM:314D.NC2,IM,P,"113","77",,"0","73","12000","247"
0.00000,0.00000,"1328","2562",,OB,AS,MGS,"19940601","645547","5269161","15",H578.00,H578.00.1,"19900907",EAH,EAH,NB:CNH/FM:314D.SC2,IM,P,"140","20",,"0","73","200000","220"
0.00000,0.00000,"1342","2582",,OB,AS,MGS,"19940601","641310","5268143","15",G568.00,G568.00.1,"19900912",JDM,EAH,NB:CNG/FM:314D.SC1,IM,P,"320","80",,"0","73","200000","40"
0.00000,0.00000,"1344","2580",,OB,AS,MGS,"19940601","642622","5270152","15",G558.01,G558.01.1,"19900907",JDM,,NB:CNG/FM:314D.NC2,IM,P,"135","90",,"0","126","12000","225"
0.00000,0.00000,"1350","2588",,OB,AS,MGS,"19940601","645055","5267148","15",H547.00,H547.00.1,"19900831",EAJ,,NB:CNH/FM:314D.SS3,JB,P,"91","10",,"0","132","12000","269"
0.00000,0.00000,"1352","2592",,OB,AS,MGS,"19940601","644948","5264565","15",G526.00,G526.00.1,"19900828",JDM,,NB:CNG/FM:314D.SS2,IL,P,"250","10",,"1","103","12000","110"
0.00000,0.00000,"1353","2593",,OB,AS,MGS,"19940601","644814","5264539","15",G527.00,G527.00.1,"19900828",JDM,EAH,NB:CNG/FM:314D.SS2,IL,P,"135","17",,"0","103","200000","225"
0.00000,0.00000,"1354","2594",,OB,AS,MGS,"19940601","644624","5264636","15",G528.00,G528.00.1,"19900828",JDM,,NB:CNG/FM:314D.SS2,JB,P,"135","15",,"0","132","12000","225"
0.00000,0.00000,"1355","2596",,OB,AS,MGS,"19940601","644453","5264215","15",G535.04,G535.04.1,"19900830",JDM,,NB:CNG/FM:314D.SS2,IL,P,"138","18",,"1","103","12000","222"
0.00000,0.00000,"1356","2597",,OB,AS,MGS,"19940601","644434","5263981","15",G535.00,G535.00.1,"19900830",JDM,,NB:CNG/FM:314D.SS2,JB,P,"165","15",,"0","132","12000","195"
0.00000,0.00000,"1357","2595",,OB,AS,MGS,"19940601","645011","5264215","15",G536.08,G536.08.1,"19900830",JDM,,NB:CNG/FM:314D.SS2,IL,P,"180","15",,"0","103","12000","180"
0.00000,0.00000,"1358","2598",,OB,AS,MGS,"19940601","644501","5263668","15",G530.00,G530.00.1,"19900829",JDM,EAJ,NB:CNG/FM:314D.SS2,IL,P,"90","10",,"0","103","12000","270"
0.00000,0.00000,"1359","2599",,OB,AS,MGS,"19940601","644185","5263516","15",G532.00,G532.00.1,"19900829",JDM,EAH,NB:CNG/FM:314D.SS2,IL,P,"115","20",,"0","103","200000","245"
0.00000,0.00000,"1360","2600",,OB,AS,MGS,"19940601","644088","5263296","15",G532.01,G532.01.1,"19900829",JDM,EAJ,NB:CNG/FM:314D.SS2,IL,P,"95","19",,"0","103","12000","265"
0.00000,0.00000,"1361","2602",,OB,AS,MGS,"19940601","643917","5263002","15",G533.00,G533.00.1,"19900830",JDM,,NB:CNG/FM:314D.SS2,IL,P,"150","14",,"0","103","12000","210"
0.00000,0.00000,"1362","2601",,OB,AS,MGS,"19940601","644572","5263140","15",G500.00,G500.00.1,"19900822",JDM,,NB:CNG/FM:314D.SS2,IL,P,"145","15",,"0","103","12000","215"
0.00000,0.00000,"1363","2603",,OB,AS,MGS,"19940601","643773","5262649","15",G510.01,G510.01.1,"19900812",JDM,,NB:CNG/FM:314D.SS2,IL,P,"130","22",,"0","103","12000","230"
0.00000,0.00000,"1364","2604",,OB,AS,MGS,"19940601","643648","5262375","15",G512.00,G512.00.1,"19900817",JDM,TJB,NB:CNG/FM:314D.SS2,IL,P,"70","13",,"1","103","200000","290"
0.00000,0.00000,"1450","2834",,OB,AS,MGS,"19940601","639750","5257035","15",D213.00,D213.00.1,"19890925",DMP,,NB:CND/FM:287B.NC4,IL,P,"205","15",,"1","103","12000","155"
0.00000,0.00000,"1462","2908",,OB,AS,MGS,"19940601","635459","5244538","15",A344.00,A344.00.1,"19880607",JDM,,NB:JMN/FM:287C.CC2,JB,P,"310","50",,"1","132","12000","50"
0.00000,0.00000,"1463","2909",,OB,AS,MGS,"19940601","635462","5244581","15",A344.00,A344.00.2,"19880607",JDM,DDE,NB:JMN/FM:287C.CC2,JJ,P,"60","80",,"1","132","12000","300"
0.00000,0.00000,"1464","2910",,OB,AS,MGS,"19940601","635489","5244564","15",A344.00,A344.00.3,"19880607",JDM,,NB:JMN/FM:287C.CC2,IL,P,"245","85",,"1","103","12000","115"
0.00000,0.00000,"1466","2912",,OB,AS,MGS,"19940601","635928","5243524","15",A335.00,A335.00.3,"19880607",JDM,,NB:JMN/FM:287C.CC2,JJ,P,"95","90",,"1","134","12000","265"
0.00000,0.00000,"1475","2581",,OB,AS,MGS,"19940601","639186","5265783","15",H157.00,H157.00.1,"19890802",EAJ,JDM,NB:CNH/FM:314C.SCC,JJ,P,"129","90",,"1","134","12000","231"
0.00000,0.00000,"1482","3000",,OB,AS,MGS,"19940601","639931","5266450","15",G174.00,G174.00.2,"19890726",RCL,JDM,NB:CNG/FM:314C.CSE,JJ,P,"125","90",,"1","134","12000","235"
0.00000,0.00000,"1483","2588",,OB,AS,MGS,"19940601","640029","5266540","15",G174.00,G174.00.1,"19890726",RCL,JDM,NB:CNG/FM:314C.CSE,DB,P,"135","90",,"1","112","12000","225"
0.00000,0.00000,"1484","2595",,OB,AS,MGS,"19940601","640787","5267429","15",G201.00,G201.00.1,"19890807",NAN,RCL,NB:CNG/FM:314C.CSE,IL,P,"340","80",,"1","103","12000","20"
0.00000,0.00000,"1497","2552",,OB,AS,MGS,"19940601","643120","5271852","15",H258.00,H258.00.1,"19900920",JDM,EAJ,NB:CNG/FM:314D.NC2,SF,L,"70","5",,"1","155","12000","290"
0.00000,0.00000,"1498","3005",,OB,AS,MGS,"19940601","643103","5271830","15",H258.00,H258.00.2,"19900920",JDM,EAJ,NB:CNG/FM:314D.NC2,FS,P,"160","90",,"1","128","12000","200"
0.00000,0.00000,"1500","2555",,OB,AS,MGS,"19940601","643193","5271048","15",G578.00,G578.00.1,"19900914",JDM,RCL,NB:CNG/FM:314D.NC2,IM,P,"300","75",,"1","73","200000","60"
0.00000,0.00000,"1504","2575",,OB,AS,MGS,"19940601","644918","5267601","15",H553.00,H553.00.1,"19900904",EAJ,,NB:CNH/FM:314D.SC2,JJ,P,"82","53",,"1","132","12000","278"
0.00000,0.00000,"1505","2590",,OB,AS,MGS,"19940601","644625","5266398","15",H529.00,H529.00.1,"19900828",EAH,EAH,NB:CNH/FM:314D.SS3,VB,P,"135","6",,"1","122","200000","225"
0.00000,0.00000,"1506","3007",,OB,AS,MGS,"19940601","644659","5266430","15",H529.00,H529.00.2,"19900828",EAJ,,NB:CNH/FM:314D.SS3,JC,L,"0","90",,"1","13","12000","360"
0.00000,0.00000,"1507","2591",,OB,AS,MGS,"19940601","645117","5266166","15",H523.04,H523.04.1,"19900829",JDM,EAJ,NB:CNH/FM:314D.SS3,SF,L,"30","90",,"1","155","12000","330"
0.00000,0.00000,"1508","3008",,OB,AS,MGS,"19940601","645108","5266168","15",H523.00,H523.00.2,"19900829",JDM,EAJ,NB:CNH/FM:314D.SS3,FS,P,"126","90",,"1","128","12000","234"
0.00000,0.00000,"1607","3056",,OB,AS,MGS,"19940601","635529","5258698","15",F401.00,F401.00.1,"19880921",JDM,,NB:CNF/FM:287B.NN2,JJ,P,"40","67",,"1","132","12000","320"
0.00000,0.00000,"1608","3057",,OB,AS,MGS,"19940601","635519","5258695","15",F401.00,F401.00.2,"19880921",JDM,,NB:CNF/FM:287B.NN2,JJ,P,"125","85",,"1","132","12000","235"
0.00000,0.00000,"1609","3058",,OB,AS,MGS,"19940601","635516","5258708","15",F401.00,F401.00.3,"19880921",JDM,,NB:CNF/FM:287B.NN2,IT,P,"115","23",,"1","73","12000","245"
0.00000,0.00000,"1612","2667",,OB,AS,MGS,"19940601","636208","5260107","15",F307.00,F307.00.1,"19880819",DMP,,NB:CNF/FM:287B.NN2,IL,P,"152","18",,"1","103","200000","208"
0.00000,0.00000,"1640","3074",,OB,AS,MGS,"19940601","636312","5260865","15",D282.00,D282.00.1,"19880824",JCG,EAJ,NB:CND/FM:287B.NN2,DF,P,"233","90",,"1","112","12000","127"
0.00000,0.00000,"1641","3075",,OB,AS,MGS,"19940601","636294","5260848","15",D282.00,D282.00.2,"19880824",JCG,EAJ,NB:CND/FM:287B.NN2,IM,P,"90","12",,"2","73","12000","270"
0.00000,0.00000,"1642","3076",,OB,AS,MGS,"19940601","636329","5260858","15",D282.00,D282.00.3,"19880824",JCG,EAH,NB:CND/FM:287B.NN2,JJ,P,"115","90",,"1","134","12000","245"
0.00000,0.00000,"1648","2697",,OB,AS,MGS,"19940601","636423","5260373","15",D244.00,D244.00.1,"19880726",DMP,,NB:CND/FM:287B.NN3,NS,P,"70","90",,"1","118","12000","290"
0.00000,0.00000,"1649","3082",,OB,AS,MGS,"19940601","636451","5260369","15",D244.00,D244.00.2,"19880726",DMP,,NB:CND/FM:287B.NN3,IM,P,"20","15",,"1","73","12000","340"
0.00000,0.00000,"1650","3083",,OB,AS,MGS,"19940601","636289","5260386","15",D245.00,D245.00.1,"19880726",DMP,,NB:CND/FM:287B.NN3,JJ,P,"92","90",,"1","134","12000","268"
0.00000,0.00000,"1651","3084",,OB,AS,MGS,"19940601","636404","5260548","15",D248.00,D248.00.1,"19880726",DMP,,NB:CND/FM:287B.NN3,IM,P,"202","25",,"1","73","12000","158"
0.00000,0.00000,"1667","2685",,OB,AS,MGS,"19940601","637707","5261889","15",D264.00,D264.00.2,"19880809",JDM,,NB:CND/FM:287B.NN3,IM,P,"310","21",,"1","73","12000","50"
0.00000,0.00000,"1668","3092",,OB,AS,MGS,"19940601","637621","5262017","15",D264.00,D264.00.3,"19880809",JDM,,NB:CND/FM:287B.NN3,IM,P,"90","29",,"1","73","12000","270"
0.00000,0.00000,"1689","2722",,OB,AS,MGS,"19940601","635711","5257811","15",F255.00,F255.00.1,"19880721",JDM,,NB:CNF/FM:287B.NC3,JJ,P,"23","85",,"1","132","12000","337"
0.00000,0.00000,"1690","3107",,OB,AS,MGS,"19940601","635698","5257817","15",F255.00,F255.00.2,"19880721",JDM,,NB:CNF/FM:287B.NC3,JJ,P,"128","80",,"1","132","12000","232"
0.00000,0.00000,"1691","3108",,OB,AS,MGS,"19940601","636125","5258491","15",F256.00,F256.00.1,"19880722",JDM,,NB:CNF/FM:287B.NC3,JJ,P,"132","79",,"1","132","12000","228"
0.00000,0.00000,"1694","3110",,OB,AS,MGS,"19940601","640295","5257618","15",D214.00,D214.00.1,"19890925",DMP,DMP,NB:CND/FM:287B.NC4,IM,P,"0","0",,"1","119","200000","360"
0.00000,0.00000,"1695","2724",,OB,AS,MGS,"19940601","640646","5257641","15",D214.00,D214.00.2,"19890925",DMP,,NB:CND/FM:287B.NC4,IM,P,"0","0",,"1","119","12000","360"
0.00000,0.00000,"1697","3112",,OB,AS,MGS,"19940601","640260","5255782","15",D189.01,D189.01.1,"19870902",DMP,,NB:CND/FM:287B.CC3,JJ,P,"280","83",,"1","132","12000","80"
0.00000,0.00000,"1702","2740",,OB,AS,MGS,"19940601","633473","5254985","15",E212.00,E212.00.1,"19880708",NAN,,NB:CNE/FM:287B.CC1,JJ,P,"222","90",,"1","134","12000","138"
0.00000,0.00000,"1703","3116",,OB,AS,MGS,"19940601","633493","5254981","15",E212.00,E212.00.2,"19880708",NAN,,NB:CNE/FM:287B.CC1,JJ,P,"115","90",,"1","134","12000","245"
0.00000,0.00000,"1709","2754",,OB,AS,MGS,"19940601","640337","5253763","15",E139.00,E139.00.1,"19870819",TJB,DMP,NB:CNE/FM:287B.CC3,JJ,P,"180","90",,"1","134","12000","180"
0.00000,0.00000,"1729","2824",,OB,AS,MGS,"19940601","638608","5248275","15",B406.00,B406.00.1,"19870721",JDM,TJB,NB:CNB/FM:287B.SS3,VC,P,"207","41",,"1","124","12000","153"
0.00000,0.00000,"1730","3139",,OB,AS,MGS,"19940601","638600","5248270","15",B406.00,B406.00.2,"19870721",JDM,TJB,NB:CNB/FM:287B.SS3,FS,P,"93","83",,"1","123","12000","267"
0.00000,0.00000,"1731","3140",,OB,AS,MGS,"19940601","638262","5248505","15",E106.00,E106.00.1,"19870728",TJB,MJS,NB:CNE/FM:287B.SS3,JJ,P,"98","10",,"1","132","12000","262"
0.00000,0.00000,"0","0",,,,,"0","0","0","0",,D132.00.2,"19870729",MJS,WJD,NB:CND/FM:287B.SS2,IM,P,"65","10",,"0","73","12000","295"
0.00000,0.00000,"0","0",,,,,"0","0","0","0",,,"0",JDM,,,JJ,P,"190","23",,"0","132","12000","170"
0.00000,0.00000,"0","0",,,,,"0","0","0","0",,E177.00.1,"19870909",TJB,,NB:CNE/FM:287B.CC3,JJ,P,"115","86",,"0","132","12000","245"
0.00000,0.00000,"0","0",,,,,"0","0","0","0",,E186.00.1,"19870909",TJB,,NB:CNE/FM:287B.CC3,VB,P,"255","15",,"0","122","12000","105"
0.00000,0.00000,"0","0",,,,,"0","0","0","0",,,"19920000",JCG,,MGS Misc. Map M-71,IM,P,"147","25",,"1","73","200000","213"
0.00000,0.00000,"0","0",,,,,"0","0","0","0",,,"19820000",JCG,,MGS Two Harbors Sheet,IU,P,"135","20",,"1","103","200000","225"
