Sample,CAT SUM,Si,Al,Na,Ca,Cr,Fe,Mg,K,Ti,Mn,Total,Mg#,Location
SBI10-CPX-1,2.28,2,0.05,0.02,0.65,0,0.54,0.67,0,0.02,0.01,3.97,55.4,South BBC
SBI10-CPX-2,2.24,2,0.05,0.02,0.72,0,0.38,0.76,0,0.03,0.01,3.96,66.6,South BBC
SBI10-CPX-3,2.27,2.02,0.04,0.02,0.71,0,0.48,0.65,0,0.02,0.01,3.95,57.3,South BBC
SBI10-CPX-4,2.27,1.99,0.06,0.02,0.68,0,0.47,0.71,0,0.03,0.01,3.97,60.3,South BBC
SBI10-CPX-5,2.25,1.98,0.08,0.02,0.69,0,0.41,0.75,0,0.03,0.01,3.96,64.7,South BBC
SBI10-CPX-6,2.23,1.97,0.09,0.03,0.72,0,0.34,0.78,0,0.03,0.01,3.97,69.9,South BBC
SBI10-CPX-7,2.26,2,0.06,0.02,0.71,0,0.45,0.69,0,0.03,0.01,3.96,60.8,South BBC
SBI10-CPX-8,2.27,2.01,0.04,0.02,0.69,0,0.47,0.69,0,0.02,0.01,3.96,59.5,South BBC
SBI10-CPX-9,2.24,1.97,0.09,0.02,0.71,0,0.37,0.75,0,0.04,0.01,3.96,67.1,South BBC
SBI10-CPX-10,2.25,1.97,0.08,0.03,0.72,0,0.38,0.75,0,0.04,0.01,3.97,66,South BBC
SBI10-CPX-11,2.26,1.98,0.06,0.02,0.7,0,0.44,0.73,0,0.03,0.02,3.97,62.2,South BBC
SBI10-CPX-12,2.24,2,0.06,0.03,0.7,0,0.39,0.76,0,0.03,0.01,3.96,65.9,South BBC
Average,2.26,1.99,0.06,0.02,0.7,0,0.43,0.72,0,0.03,0.01,3.96,63,South BBC
SBI11-CPX-1,2.28,2.01,0.05,0.03,0.68,0,0.53,0.63,0,0.02,0.01,3.96,54.3,South BBC
SBI11-CPX-2,2.28,2.01,0.05,0.01,0.68,0,0.51,0.66,0,0.02,0.01,3.95,56.4,South BBC
SBI11-CPX-3,2.28,2.01,0.05,0.02,0.67,0,0.53,0.64,0,0.02,0.01,3.96,54.8,South BBC
SBI11-CPX-4,2.24,1.99,0.06,0.02,0.69,0,0.39,0.78,0,0.03,0.01,3.96,66.7,South BBC
SBI11-CPX-5,2.27,1.99,0.05,0.02,0.67,0,0.48,0.7,0,0.03,0.01,3.96,59.2,South BBC
SBI11-CPX-6,2.27,2.01,0.05,0.01,0.67,0,0.49,0.67,0,0.02,0.02,3.95,57.7,South BBC
SBI11-CPX-7,2.27,2,0.05,0,0.65,0,0.51,0.7,0,0.02,0.01,3.95,58,South BBC
SBI11-CPX-8,2.26,2.01,0.05,0.02,0.67,0,0.48,0.7,0,0.02,0,3.95,59.4,South BBC
SBI11-CPX-9,2.28,2.01,0.04,0.02,0.68,0,0.5,0.68,0,0.02,0.02,3.96,57.6,South BBC
SBI11-CPX-10,2.26,2,0.05,0.02,0.67,0,0.45,0.73,0,0.02,0.02,3.96,62.1,South BBC
Average,2.27,2.01,0.05,0.02,0.67,0,0.49,0.69,0,0.02,0.01,3.96,58.6,South BBC
SBI12-CPX-1,2.36,2.02,0.03,0.02,0.77,0,0.74,0.35,0,0.02,0.02,3.96,31.9,South BBC
SBI12-CPX-2,2.35,2.02,0.04,0.02,0.77,0,0.72,0.35,0,0.03,0.02,3.95,32.8,South BBC
SBI12-CPX-3,2.37,2.03,0.02,0.02,0.77,0,0.77,0.3,0,0.02,0.02,3.95,27.9,South BBC
SBI12-CPX-4,2.38,2.05,0.01,0.02,0.8,0,0.79,0.27,0,0,0.01,3.95,25.6,South BBC
SBI12-CPX-5,2.34,2.02,0.04,0.02,0.75,0,0.7,0.4,0,0.02,0.02,3.95,36.4,South BBC
SBI12-CPX-6,2.36,2.01,0.03,0.02,0.75,0,0.72,0.39,0,0.02,0.03,3.97,35.4,South BBC
SBI12-CPX-7,2.37,2.04,0.02,0.02,0.77,0,0.77,0.3,0,0.02,0.02,3.94,28,South BBC
SBI12-CPX-8,2.36,2.02,0.03,0.03,0.76,0,0.75,0.33,0,0.02,0.01,3.95,30.7,South BBC
SBI12-CPX-9,2.37,2.02,0.03,0.03,0.77,0,0.76,0.3,0,0.02,0.02,3.96,28.2,South BBC
SBI12-CPX-10,2.37,2.03,0.03,0.02,0.77,0,0.76,0.3,0,0.02,0.02,3.95,28.6,South BBC
SBI12-CPX-11,2.38,2.04,0.02,0.02,0.77,0,0.8,0.27,0,0.01,0.01,3.95,25.6,South BBC
Average,2.37,2.03,0.03,0.02,0.77,0,0.75,0.32,0,0.02,0.02,3.95,30.1,South BBC
SBI13-CPX-1,2.3,2.01,0.04,0.02,0.73,0,0.58,0.54,0,0.02,0.01,3.96,48.2,South BBC
SBI13-CPX-2,2.3,2,0.05,0.02,0.72,0,0.57,0.57,0,0.02,0.01,3.96,50.1,South BBC
SBI13-CPX-3,2.32,2.01,0.04,0.02,0.71,0,0.64,0.5,0,0.02,0.01,3.95,44.1,South BBC
SBI13-CPX-4,2.29,2.02,0.04,0.02,0.72,0,0.55,0.56,0,0.02,0.01,3.95,50.3,South BBC
SBI13-CPX-5,2.33,2.02,0.03,0,0.73,0,0.66,0.47,0,0.02,0.02,3.94,41.6,South BBC
SBI13-CPX-6,2.29,2.01,0.04,0.02,0.72,0,0.54,0.6,0,0.02,0.01,3.96,53.1,South BBC
SBI13-CPX-7,2.31,2.01,0.04,0.02,0.66,0,0.61,0.57,0,0.02,0.01,3.95,48.1,South BBC
SBI13-CPX-8,2.34,2.02,0.04,0,0.72,0,0.69,0.44,0,0.02,0.02,3.95,39.1,South BBC
SBI13-CPX-9,2.33,2.01,0.03,0.02,0.71,0,0.66,0.5,0,0.03,0.02,3.96,43,South BBC
SBI13-CPX-10,2.31,2.02,0.04,0,0.71,0,0.62,0.52,0,0.02,0.01,3.94,45.6,South BBC
SBI13-CPX-11,2.3,2.03,0.04,0,0.71,0,0.6,0.52,0,0.02,0.01,3.93,46.3,South BBC
SBI13-CPX-12,2.31,2,0.05,0.03,0.7,0,0.6,0.55,0,0.02,0.02,3.97,47.7,South BBC
Average,2.31,2.01,0.04,0.01,0.71,0,0.61,0.53,0,0.02,0.01,3.95,46.4,South BBC
SBI14-CPX-1,2.28,2.02,0.04,0.02,0.73,0,0.52,0.6,0,0.02,0.01,3.95,54,South BBC
SBI14-CPX-2,2.27,2,0.05,0.01,0.73,0,0.48,0.64,0,0.02,0.01,3.96,57.4,South BBC
SBI14-CPX-3,2.28,2.01,0.05,0.02,0.74,0,0.48,0.63,0,0.02,0.02,3.96,56.8,South BBC
SBI14-CPX-4,2.28,2.01,0.05,0.02,0.74,0,0.48,0.63,0,0.02,0.02,3.96,56.8,South BBC
SBI14-CPX-5,2.27,2.01,0.04,0.02,0.76,0,0.46,0.64,0,0.02,0.01,3.95,58.2,South BBC
SBI14-CPX-6,2.28,2.01,0.04,0,0.75,0,0.48,0.64,0,0.02,0.01,3.95,57.2,South BBC
SBI14-CPX-7,2.27,2.02,0.04,0.02,0.69,0,0.5,0.64,0,0.02,0.01,3.95,56,South BBC
SBI14-CPX-8,2.28,2,0.05,0.03,0.69,0,0.53,0.63,0,0.03,0.01,3.96,54.7,South BBC
SBI14-CPX-9,2.29,2.02,0.04,0.01,0.64,0,0.59,0.62,0,0.02,0.01,3.95,51.6,South BBC
Average,2.28,2.01,0.04,0.02,0.72,0,0.5,0.63,0,0.02,0.01,3.95,55.9,South BBC
SBI15-CPX-1,2.26,2.02,0.04,0.02,0.68,0,0.49,0.7,0,0.01,0,3.95,58.9,South BBC
SBI15-CPX-2,2.27,2,0.06,0.02,0.71,0,0.46,0.67,0,0.02,0.01,3.96,59.3,South BBC
SBI15-CPX-3,2.25,2.01,0.06,0,0.74,0,0.43,0.67,0,0.02,0,3.94,60.7,South BBC
SBI15-CPX-4,2.26,1.99,0.07,0.02,0.75,0,0.41,0.69,0,0.03,0,3.96,62.5,South BBC
SBI15-CPX-5,2.27,1.99,0.06,0.02,0.63,0,0.5,0.73,0,0.02,0.01,3.97,59.6,South BBC
SBI15-CPX-6,2.26,1.98,0.06,0.02,0.68,0,0.46,0.75,0,0.02,0,3.98,61.9,South BBC
SBI15-CPX-7,2.25,1.98,0.08,0.02,0.72,0,0.4,0.74,0,0.03,0.01,3.97,65,South BBC
Average,2.26,2,0.06,0.02,0.7,0,0.45,0.71,0,0.02,0,3.96,61.1,South BBC
SBI16-CPX-1,2.25,1.97,0.07,0.02,0.74,0,0.4,0.74,0,0.02,0.01,3.98,65.2,South BBC
SBI16-CPX-2,2.26,2,0.06,0.01,0.73,0,0.43,0.69,0,0.02,0.01,3.96,61.9,South BBC
SBI16-CPX-3,2.25,2,0.06,0.01,0.72,0,0.42,0.7,0,0.02,0.01,3.95,62.5,South BBC
SBI16-CPX-4,2.26,2.01,0.05,0.02,0.71,0,0.43,0.7,0,0.02,0.01,3.96,61.7,South BBC
SBI16-CPX-5,2.25,1.99,0.06,0,0.66,0,0.44,0.77,0,0.03,0.01,3.96,63.4,South BBC
SBI16-CPX-6,2.26,2,0.05,0.01,0.71,0,0.44,0.7,0,0.02,0.01,3.96,61.7,South BBC
Average,2.26,1.99,0.06,0.01,0.71,0,0.43,0.72,0,0.02,0.01,3.96,62.7,South BBC
B364-CPX-1,2.27,1.93,0.07,0.03,0.81,0,0.24,0.91,0,0.02,0.01,4.03,78.8,South BBC
B364-CPX-2,2.29,1.9,0.1,0.02,0.82,0.01,0.23,0.92,0,0.03,0.01,4.03,80,South BBC
B364-CPX-3,2.24,1.94,0.08,0.02,0.79,0.01,0.22,0.93,0,0.02,0,4.01,81.2,South BBC
B364-CPX-4,2.29,1.89,0.11,0.02,0.77,0,0.25,0.92,0,0.04,0.01,4.03,78.3,South BBC
B364-CPX-5,2.28,1.89,0.1,0.02,0.74,0,0.28,0.94,0,0.04,0.01,4.03,76.9,South BBC
Average,2.27,1.91,0.09,0.02,0.79,0.01,0.25,0.92,0,0.03,0.01,4.02,79,South BBC
D126-CPX-1,2.23,1.91,0.12,0.03,0.76,0.01,0.24,0.92,0,0.03,0.01,4.02,79.1,South BBC
D126-CPX-2,2.23,1.9,0.11,0.03,0.77,0,0.24,0.91,0,0.03,0.01,4.02,78.9,South BBC
D126-CPX-3,2.29,1.92,0.09,0.03,0.8,0,0.24,0.95,0,0,0.01,4.05,79.7,South BBC
Average,2.25,1.91,0.11,0.03,0.77,0.01,0.24,0.92,0,0.02,0.01,4.03,79.2,South BBC
E161-CPX-1,2.29,1.87,0.12,0.03,0.79,0.01,0.23,0.97,0,0.02,0.01,4.06,80.8,South BBC
E161-CPX-2,2.24,1.92,0.08,0.03,0.79,0.01,0.21,0.97,0,0.02,0.01,4.04,82.1,South BBC
E161-CPX-3,2.26,1.9,0.09,0.03,0.8,0,0.24,0.93,0,0.03,0.01,4.04,79.7,South BBC
Average,2.26,1.9,0.1,0.03,0.8,0.01,0.23,0.96,0,0.02,0.01,4.04,80.9,South BBC
D314-CPX-1,2.27,1.88,0.11,0.03,0.79,0,0.3,0.89,0,0.04,0.01,4.04,74.9,South BBC
D314-CPX-2,2.29,1.88,0.1,0.03,0.79,0,0.3,0.89,0,0.03,0.01,4.05,74.7,South BBC
D314-CPX-3,2.28,1.89,0.11,0.03,0.8,0,0.28,0.88,0,0.03,0.01,4.04,76.2,South BBC
D314-CPX-4,2.25,1.92,0.09,0.03,0.73,0,0.34,0.88,0,0.02,0.01,4.03,72.3,South BBC
D314-CPX-5,2.25,1.9,0.11,0.03,0.79,0,0.29,0.88,0,0.03,0.01,4.03,75.1,South BBC
Average,2.27,1.9,0.1,0.03,0.78,0,0.3,0.88,0,0.03,0.01,4.04,74.6,South BBC
D246-CPX-1,2.25,1.92,0.1,0.03,0.81,0,0.28,0.84,0,0.02,0.01,4.02,75.4,South BBC
D246-CPX-2,2.26,1.92,0.09,0.03,0.81,0.01,0.25,0.9,0,0.02,0.01,4.03,78.6,South BBC
D246-CPX-3,2.28,1.89,0.1,0.03,0.74,0,0.32,0.91,0,0.03,0.01,4.04,74,South BBC
D246-CPX-4,2.24,1.93,0.1,0.03,0.8,0.01,0.24,0.89,0,0.02,0.01,4.02,78.7,South BBC
D246-CPX-5,2.27,1.91,0.08,0.03,0.74,0,0.31,0.94,0,0.02,0.01,4.05,75.3,South BBC
D246-CPX-6,2.28,1.89,0.11,0.03,0.76,0,0.31,0.89,0,0.04,0.01,4.03,74.3,South BBC
D246-CPX-7,2.26,1.92,0.09,0.03,0.77,0,0.3,0.88,0,0.03,0.01,4.02,74.9,South BBC
Average,2.26,1.91,0.1,0.03,0.77,0,0.28,0.89,0,0.03,0.01,4.03,75.9,South BBC
B326-CPX-1,2.25,1.91,0.09,0.03,0.72,0,0.35,0.88,0,0.03,0.01,4.03,71.4,South BBC
B326-CPX-2,2.26,1.9,0.12,0.03,0.74,0.01,0.29,0.9,0,0.02,0.01,4.03,75.7,South BBC
B326-CPX-3,2.27,1.91,0.09,0.04,0.71,0,0.4,0.84,0,0.03,0.01,4.03,68,South BBC
B326-CPX-4,2.29,1.89,0.1,0.03,0.73,0,0.38,0.83,0,0.04,0.01,4.03,68.6,South BBC
B326-CPX-5,2.27,1.91,0.09,0.03,0.7,0,0.39,0.85,0,0.04,0.01,4.02,68.8,South BBC
Average,2.27,1.91,0.1,0.03,0.72,0,0.36,0.86,0,0.03,0.01,4.03,70.5,South BBC
A376-CPX-1,2.31,1.88,0.15,0.02,0.76,0.02,0.3,0.85,0,0.03,0.01,4.02,73.7,South BBC
A376-CPX-2,2.29,1.87,0.15,0.03,0.76,0.02,0.31,0.84,0,0.03,0.01,4.02,73.3,South BBC
A376-CPX-3,2.31,1.9,0.11,0.03,0.64,0,0.47,0.82,0,0.04,0.01,4.02,63.7,South BBC
A376-CPX-4,2.31,1.88,0.14,0.02,0.79,0.02,0.29,0.84,0,0.03,0.01,4.02,74.6,South BBC
A376-CPX-5,2.32,1.87,0.17,0.02,0.79,0.03,0.28,0.81,0,0.03,0.01,4.01,74.3,South BBC
Average,2.31,1.88,0.14,0.02,0.75,0.02,0.33,0.83,0,0.03,0.01,4.02,71.9,South BBC
A290B-CPX-1,2.29,1.94,0.07,0.02,0.71,0,0.33,0.92,0,0.02,0.01,4.02,73.4,South BBC
A290B-CPX-2,2.25,1.89,0.11,0.02,0.8,0.01,0.3,0.87,0,0.03,0,4.04,74.2,South BBC
A290B-CPX-3,2.26,1.93,0.07,0.02,0.75,0.01,0.29,0.93,0,0.02,0.01,4.02,76.3,South BBC
Average,2.27,1.92,0.08,0.02,0.75,0.01,0.31,0.9,0,0.02,0.01,4.03,74.6,South BBC
E217-CPX-1,2.24,1.91,0.1,0.03,0.74,0,0.33,0.85,0,0.03,0.01,4.02,71.9,South BBC
E217-CPX-2,2.27,1.89,0.12,0.03,0.75,0,0.32,0.87,0,0.04,0.01,4.03,73.1,South BBC
E217-CPX-3,2.28,1.88,0.11,0.03,0.79,0,0.3,0.88,0,0.03,0.01,4.04,74.6,South BBC
E217-CPX-4,2.25,1.91,0.09,0.03,0.75,0,0.33,0.86,0,0.03,0.01,4.03,72.3,South BBC
Average,2.26,1.9,0.11,0.03,0.76,0,0.32,0.87,0,0.03,0.01,4.03,73,South BBC
E154-CPX-1,2.25,1.93,0.07,0.03,0.75,0,0.29,0.92,0,0.02,0.01,4.03,75.9,South BBC
E154-CPX-2,2.28,1.89,0.12,0.03,0.77,0,0.32,0.87,0,0.03,0.01,4.04,72.9,South BBC
E154-CPX-3,2.33,1.85,0.15,0.03,0.76,0,0.34,0.89,0,0.03,0.01,4.06,72.2,South BBC
E154-CPX-4,2.31,1.87,0.12,0.03,0.72,0,0.38,0.88,0,0.04,0.01,4.05,70.1,South BBC
E154-CPX-5,2.31,1.92,0.06,0.03,0.54,0,0.5,0.96,0,0.02,0.01,4.05,65.5,South BBC
E154-CPX-6,2.28,1.93,0.06,0.03,0.63,0,0.44,0.9,0,0.02,0.01,4.03,67.1,South BBC
Average,2.29,1.9,0.1,0.03,0.69,0,0.38,0.9,0,0.03,0.01,4.04,70.6,South BBC
B413B-CPX-1,1.52,1.27,0.06,0.02,0.53,0,2.24,0.56,0,0.01,0.01,4.7,20,South BBC
B413B-CPX-2,2.31,1.91,0.09,0.03,0.78,0,0.34,0.85,0,0.02,0.01,4.04,71.3,South BBC
B413B-CPX-3,2.29,1.91,0.09,0.03,0.77,0,0.39,0.81,0,0.03,0.01,4.03,67.7,South BBC
B413B-CPX-4,2.38,1.92,0.07,0.02,0.76,0,0.43,0.79,0,0.03,0.01,4.03,64.6,South BBC
B413B-CPX-5,2.42,1.91,0.08,0.02,0.73,0,0.45,0.79,0,0.03,0.01,4.03,63.7,South BBC
B413B-CPX-6,2.3,1.91,0.08,0.02,0.78,0,0.41,0.79,0,0.03,0.01,4.03,65.9,South BBC
Average,2.2,1.81,0.08,0.02,0.72,0,0.71,0.77,0,0.02,0.01,4.14,58.9,South BBC
C505D-CPX-1,2.3,1.9,0.1,0.02,0.78,0.01,0.37,0.82,0,0.03,0.01,4.03,68.9,South BBC
C505D-CPX-2,2.33,1.88,0.12,0.02,0.77,0.01,0.36,0.83,0,0.03,0.01,4.04,69.8,South BBC
C505D-CPX-3,2.29,1.89,0.12,0.03,0.8,0.01,0.33,0.81,0,0.03,0.01,4.03,71.2,South BBC
C505D-CPX-4,2.33,1.9,0.1,0.02,0.78,0.01,0.36,0.82,0,0.03,0.01,4.03,69.3,South BBC
C505D-CPX-5,2.3,1.91,0.09,0.03,0.77,0,0.42,0.76,0,0.03,0.01,4.03,64.4,South BBC
Average,2.31,1.9,0.1,0.03,0.78,0.01,0.37,0.81,0,0.03,0.01,4.03,68.7,South BBC
B319-CPX-1,2.3,1.91,0.08,0.02,0.77,0,0.43,0.78,0,0.03,0.01,4.03,64.7,South BBC
B319-CPX-2,2.26,1.89,0.12,0.02,0.8,0.02,0.31,0.83,0,0.02,0.01,4.03,72.7,South BBC
B319-CPX-3,2.24,1.87,0.14,0.03,0.75,0.03,0.34,0.83,0,0.03,0.01,4.03,70.9,South BBC
Average,2.26,1.89,0.11,0.03,0.78,0.02,0.36,0.81,0,0.03,0.01,4.03,69.4,South BBC
C179B-CPX-1,2.28,1.9,0.11,0.03,0.76,0.01,0.38,0.8,0,0.03,0.01,4.03,67.7,South BBC
C179B-CPX-2,2.27,1.93,0.07,0.03,0.74,0,0.38,0.85,0,0.02,0.01,4.03,69.2,South BBC
C179B-CPX-3,2.27,1.9,0.1,0.03,0.75,0.01,0.38,0.82,0,0.03,0.01,4.03,68.3,South BBC
C179B-CPX-4,2.29,1.92,0.08,0.03,0.77,0,0.38,0.81,0,0.03,0.01,4.03,68,South BBC
C179B-CPX-5,0.48,0.41,0.02,0.01,0.16,0,0.08,0.17,0,2.37,0,3.22,69,South BBC
C179B-CPX-6,2.25,1.92,0.1,0.03,0.75,0.01,0.37,0.8,0,0.03,0.01,4.01,68.3,South BBC
Average,1.97,1.66,0.08,0.03,0.66,0,0.33,0.71,0,0.42,0.01,3.89,68.4,South BBC
F261-CPX-1,2.27,1.91,0.1,0.03,0.75,0,0.39,0.8,0,0.03,0.01,4.03,67.4,South BBC
F261-CPX-2,2.29,1.91,0.09,0.03,0.76,0,0.4,0.82,0,0.03,0.01,4.04,67.2,South BBC
F261-CPX-3,2.31,1.91,0.09,0.03,0.68,0,0.49,0.8,0,0.03,0.01,4.04,62.1,South BBC
F261-CPX-4,2.28,1.9,0.1,0.03,0.77,0,0.38,0.81,0,0.03,0.01,4.04,68.2,South BBC
F261-CPX-5,2.3,1.91,0.08,0.03,0.71,0,0.47,0.79,0,0.03,0.01,4.03,62.4,South BBC
Average,2.29,1.91,0.09,0.03,0.73,0,0.43,0.8,0,0.03,0.01,4.03,65.5,South BBC
A386D-CPX-1,2.38,1.97,0.04,0.02,0.73,0,0.68,0.52,0,0.02,0.02,4,43.6,South BBC
A386D-CPX-2,2.3,1.96,0.05,0.04,0.81,0,0.52,0.59,0,0.02,0.02,4.02,52.8,South BBC
A386D-CPX-3,2.4,1.97,0.04,0.02,0.73,0,0.7,0.51,0,0.02,0.02,4.01,41.9,South BBC
A386D-CPX-4,2.37,1.95,0.07,0.07,0.79,0,0.53,0.56,0,0.03,0.02,4.02,51.3,South BBC
A386D-CPX-5,2.39,1.95,0.05,0.04,0.79,0,0.64,0.52,0,0.02,0.02,4.03,44.8,South BBC
A386D-CPX-6,2.36,1.96,0.04,0.02,0.77,0,0.62,0.56,0,0.02,0.02,4.01,47.4,South BBC
A386D-CPX-7,2.42,1.96,0.04,0.02,0.76,0,0.68,0.51,0,0.02,0.02,4.01,42.6,South BBC
A386D-CPX-8,2.4,1.98,0.04,0.02,0.74,0,0.68,0.49,0,0.02,0.02,4,42,South BBC
Average,2.38,1.96,0.05,0.03,0.77,0,0.63,0.53,0,0.02,0.02,4.01,45.8,South BBC
A386H-CPX-1,2.37,1.93,0.05,0.02,0.75,0,0.53,0.71,0,0.02,0.01,4.03,57.2,South BBC
A386H-CPX-2,2.31,1.93,0.08,0.03,0.83,0,0.41,0.7,0,0.03,0.01,4.02,62.9,South BBC
A386H-CPX-3,2.37,1.94,0.05,0.03,0.82,0,0.49,0.65,0,0.02,0.02,4.03,56.8,South BBC
A386H-CPX-4,2.37,1.94,0.05,0.03,0.82,0,0.49,0.65,0,0.02,0.02,4.03,57.2,South BBC
Average,2.36,1.94,0.06,0.03,0.81,0,0.48,0.68,0,0.02,0.02,4.03,58.5,South BBC
A386G-CPX-1,2.43,1.96,0.04,0.03,0.77,0,0.7,0.49,0,0.01,0.02,4.03,41.4,South BBC
A386G-CPX-2,2.33,1.93,0.07,0.03,0.77,0,0.44,0.73,0,0.03,0.01,4.02,62.2,South BBC
A386G-CPX-3,2.38,1.96,0.03,0.02,0.78,0,0.61,0.61,0,0.01,0.02,4.03,50.3,South BBC
A386G-CPX-4,2.34,1.94,0.06,0.03,0.75,0,0.5,0.7,0,0.02,0.01,4.02,58.1,South BBC
A386G-CPX-5,2.34,1.92,0.07,0.02,0.75,0,0.46,0.76,0,0.03,0.01,4.03,62,South BBC
Average,2.36,1.94,0.05,0.02,0.76,0,0.54,0.66,0,0.02,0.02,4.02,54.8,South BBC
A420-CPX-1,2.41,1.97,0.04,0.02,0.8,0,0.75,0.36,0,0.02,0.02,3.99,32.6,South BBC
A420-CPX-2,2.4,1.97,0.05,0.02,0.8,0,0.74,0.38,0,0.02,0.02,3.99,34.1,South BBC
A420-CPX-3,2.4,1.97,0.05,0.02,0.77,0,0.71,0.44,0,0.02,0.02,3.99,38.5,South BBC
A420-CPX-4,2.37,1.98,0.04,0.03,0.79,0,0.75,0.35,0,0.02,0.02,3.99,32,South BBC
A420-CPX-5,2.36,1.96,0.05,0.02,0.79,0,0.71,0.43,0,0.02,0.02,4,37.5,South BBC
A420-CPX-6,2.41,1.98,0.04,0.01,0.79,0,0.76,0.35,0,0.02,0.02,3.99,31.8,South BBC
A420-CPX-7,2.6,2.14,0.04,0.02,0.4,0,0.85,0.33,0,0.02,0.02,3.83,27.8,South BBC
Average,2.42,2,0.04,0.02,0.73,0,0.75,0.38,0,0.02,0.02,3.97,33.5,South BBC
A313-CPX-1,2.48,1.93,0.04,0.02,0.85,0,0.85,0.29,0,0.03,0.02,4.03,25.4,South BBC
A313-CPX-2,2.45,1.92,0.05,0.02,0.85,0,0.9,0.24,0,0.03,0.02,4.03,20.8,South BBC
A313-CPX-3,2.44,1.94,0.05,0.02,0.86,0,0.84,0.27,0,0.03,0.02,4.02,24,South BBC
A313-CPX-4,2.45,1.95,0.04,0.02,0.84,0,0.86,0.25,0,0.03,0.02,4.02,22.9,South BBC
A313-CPX-5,2.56,1.94,0.04,0.02,0.85,0,0.91,0.22,0,0.02,0.02,4.03,19.5,South BBC
A313-CPX-6,2.55,1.94,0.05,0.02,0.82,0,0.87,0.27,0,0.03,0.02,4.01,23.5,South BBC
Average,2.49,1.94,0.05,0.02,0.84,0,0.87,0.26,0,0.03,0.02,4.02,22.7,South BBC
A386A-CPX-1,2.37,1.94,0.06,0.02,0.74,0,0.53,0.68,0,0.02,0.01,4.02,56.1,South BBC
A386A-CPX-2,2.39,1.96,0.04,0.02,0.74,0,0.65,0.57,0,0.02,0.02,4.01,46.7,South BBC
A386A-CPX-3,2.39,1.96,0.04,0.02,0.73,0,0.73,0.48,0,0.02,0.02,4.01,39.5,South BBC
A386A-CPX-4,2.45,1.97,0.03,0.02,0.72,0,0.81,0.41,0,0.02,0.03,4,33.4,South BBC
A386A-CPX-5,2.47,1.97,0.03,0.02,0.82,0,0.85,0.29,0,0.01,0.02,4.02,25.2,South BBC
A386A-CPX-6,2.39,1.97,0.04,0.02,0.72,0,0.66,0.54,0,0.02,0.02,4,44.9,South BBC
Average,2.41,1.96,0.04,0.02,0.74,0,0.71,0.49,0,0.02,0.02,4.01,41,South BBC
A412-CPX-1,2.42,1.95,0.05,0.02,0.78,0,0.71,0.47,0,0.02,0.02,4.02,39.8,South BBC
A412-CPX-2,2.4,1.95,0.05,0.02,0.78,0,0.7,0.48,0,0.02,0.02,4.02,40.6,South BBC
A412-CPX-3,2.37,1.94,0.05,0.02,0.8,0,0.71,0.46,0,0.02,0.02,4.02,39.2,South BBC
A412-CPX-4,2.42,1.94,0.05,0.02,0.79,0,0.71,0.46,0,0.02,0.02,4.02,39.3,South BBC
A412-CPX-5,2.4,1.95,0.04,0.02,0.81,0,0.74,0.43,0,0.02,0.02,4.02,36.8,South BBC
A412-CPX-6,2.4,1.95,0.04,0.02,0.8,0,0.71,0.46,0,0.02,0.02,4.02,39.4,South BBC
Average,2.4,1.95,0.05,0.02,0.8,0,0.71,0.46,0,0.02,0.02,4.02,39.2,South BBC
C402-CPX-1,2.46,1.95,0.05,0.02,0.79,0,0.71,0.46,0,0.02,0.02,4.02,39,South BBC
C402-CPX-2,2.49,1.94,0.04,0.02,0.79,0,0.74,0.47,0,0.02,0.02,4.03,39,South BBC
C402-CPX-3,2.44,1.96,0.04,0.02,0.79,0,0.77,0.41,0,0.02,0.02,4.02,34.5,South BBC
C402-CPX-4,2.42,1.94,0.05,0.02,0.78,0,0.68,0.5,0,0.02,0.02,4.02,42.1,South BBC
C402-CPX-5,2.44,1.94,0.05,0.02,0.77,0,0.69,0.51,0,0.02,0.02,4.02,42.6,South BBC
C402-CPX-6,2.42,1.96,0.05,0.02,0.77,0,0.7,0.47,0,0.02,0.02,4.01,39.9,South BBC
Average,2.45,1.95,0.04,0.02,0.78,0,0.72,0.47,0,0.02,0.02,4.02,39.5,South BBC
SB28-CPX-1,2.36,1.94,0.07,0.03,0.75,0,0.42,0.76,0,0.03,0.01,4.01,64.6,South BBC
Average,2.36,1.94,0.07,0.03,0.75,0,0.42,0.76,0,0.03,0.01,4.01,64.6,South BBC
B309B-CPX-1,2.31,1.91,0.08,0.05,0.74,0,0.44,0.79,0,0.03,0.01,4.04,64.4,South BBC
B309B-CPX-2,2.32,1.92,0.07,0.03,0.73,0,0.48,0.75,0,0.03,0.01,4.03,60.9,South BBC
B309B-CPX-3,2.31,1.94,0.06,0.02,0.65,0,0.57,0.73,0,0.02,0.01,4.02,56.2,South BBC
B309B-CPX-4,2.41,1.92,0.04,0.03,0.7,0,0.65,0.67,0,0.02,0.02,4.06,50.8,South BBC
Average,2.34,1.92,0.06,0.03,0.71,0,0.54,0.74,0,0.03,0.01,4.04,58.1,South BBC
B309C-CPX-1,2.29,1.93,0.08,0.02,0.75,0,0.43,0.77,0,0.02,0.01,4.02,64.1,South BBC
B309C-CPX-2,2.34,1.95,0.07,0.02,0.7,0,0.56,0.67,0,0.02,0.02,4.01,54.7,South BBC
B309C-CPX-3,2.35,1.94,0.09,0.03,0.73,0,0.52,0.66,0,0.02,0.02,4.01,55.9,South BBC
B309C-CPX-4,2.26,1.92,0.07,0.02,0.76,0,0.42,0.79,0,0.02,0.01,4.03,65.2,South BBC
B309C-CPX-5,2.28,1.93,0.08,0.02,0.72,0,0.44,0.79,0,0.02,0.01,4.01,64.2,South BBC
Average,2.3,1.94,0.08,0.02,0.73,0,0.47,0.74,0,0.02,0.01,4.02,60.8,South BBC
C420-CPX-1,2.29,1.94,0.08,0.02,0.7,0,0.42,0.81,0,0.02,0.01,4.01,66,South BBC
C420-CPX-2,2.28,1.93,0.08,0.02,0.75,0,0.38,0.8,0,0.03,0.01,4.01,67.5,South BBC
C420-CPX-3,2.31,1.94,0.08,0.02,0.71,0,0.46,0.77,0,0.02,0.01,4.01,62.9,South BBC
C420-CPX-4,2.34,1.95,0.07,0.02,0.69,0,0.56,0.68,0,0.02,0.02,4.01,54.9,South BBC
C420-CPX-5,2.37,1.94,0.07,0.03,0.69,0,0.55,0.7,0,0.02,0.02,4.02,55.9,South BBC
C420-CPX-6,2.29,1.92,0.1,0.02,0.74,0,0.39,0.81,0,0.03,0.01,4.02,67.7,South BBC
C420-CPX-7,2.3,1.94,0.06,0.02,0.74,0,0.47,0.74,0,0.02,0.01,4.01,61.2,South BBC
Average,2.31,1.94,0.08,0.02,0.72,0,0.46,0.76,0,0.02,0.01,4.01,62.3,South BBC
B413A-CPX-1,2.59,1.95,0.06,0.02,0.81,0,0.53,0.6,0,0.02,0.03,4.01,53.2,South BBC
B413A-CPX-2,2.38,1.95,0.05,0.02,0.74,0,0.61,0.62,0,0.02,0.02,4.02,50.4,South BBC
B413A-CPX-3,2.38,1.97,0.04,0.02,0.77,0,0.75,0.43,0,0.02,0.02,4.01,36.6,South BBC
B413A-CPX-4,2.51,1.94,0.08,0.02,0.79,0,0.53,0.61,0,0.02,0.02,4.01,53.5,South BBC
B413A-CPX-5,2.36,1.95,0.04,0.02,0.76,0,0.69,0.52,0,0.02,0.02,4.02,42.8,South BBC
B413A-CPX-6,2.36,1.94,0.07,0.05,0.79,0,0.52,0.6,0.01,0.03,0.03,4.03,53.9,South BBC
B413A-CPX-7,2.46,1.93,0.06,0.02,0.74,0,0.6,0.63,0,0.02,0.02,4.02,51.2,South BBC
Average,2.43,1.95,0.06,0.02,0.77,0,0.6,0.57,0,0.02,0.02,4.02,48.8,South BBC
C505C-CPX-1,2.27,1.92,0.07,0.02,0.77,0,0.42,0.78,0,0.02,0.01,4.03,64.7,South BBC
C505C-CPX-2,2.32,1.92,0.08,0.02,0.74,0,0.43,0.8,0,0.02,0.01,4.03,65.2,South BBC
C505C-CPX-3,2.26,1.93,0.07,0.02,0.75,0,0.42,0.78,0,0.02,0.01,4.02,64.9,South BBC
C505C-CPX-4,2.34,1.93,0.06,0.02,0.74,0,0.49,0.74,0,0.02,0.01,4.02,60.1,South BBC
C505C-CPX-5,2.29,1.91,0.08,0.02,0.77,0,0.43,0.77,0,0.03,0.01,4.03,64.1,South BBC
C505C-CPX-6,2.31,1.9,0.08,0.02,0.78,0,0.42,0.79,0,0.03,0.01,4.04,64.9,South BBC
Average,2.3,1.92,0.07,0.02,0.76,0,0.44,0.78,0,0.02,0.01,4.03,64,South BBC
C403A-CPX-1,2.3,1.9,0.1,0.03,0.85,0,0.32,0.8,0,0.02,0.02,4.04,71.2,South BBC
C403A-CPX-2,2.28,1.91,0.1,0.03,0.84,0,0.33,0.78,0,0.02,0.02,4.03,70.3,South BBC
C403A-CPX-3,2.29,1.9,0.1,0.03,0.85,0,0.33,0.8,0,0.02,0.01,4.05,70.9,South BBC
C403A-CPX-4,2.33,1.9,0.1,0.03,0.83,0,0.34,0.8,0,0.02,0.02,4.04,69.9,South BBC
Average,2.3,1.9,0.1,0.03,0.84,0,0.33,0.79,0,0.02,0.02,4.04,70.6,South BBC
B309A-CPX-1,2.32,1.87,0.15,0.03,0.84,0,0.38,0.72,0,0.03,0.02,4.05,65.7,South BBC
B309A-CPX-2,2.26,1.92,0.09,0.03,0.85,0,0.33,0.79,0,0.02,0.01,4.03,70.5,South BBC
B309A-CPX-3,2.33,1.89,0.13,0.03,0.84,0,0.37,0.73,0,0.02,0.02,4.03,66.3,South BBC
Average,2.3,1.89,0.13,0.03,0.84,0,0.36,0.75,0,0.02,0.02,4.04,67.5,South BBC
C414-CPX-1,2.39,1.95,0.04,0.02,0.74,0,0.68,0.55,0,0.02,0.02,4.02,44.6,South BBC
C414-CPX-2,2.3,1.93,0.08,0.02,0.74,0,0.42,0.79,0,0.03,0.01,4.01,65.6,South BBC
C414-CPX-3,2.33,1.92,0.1,0.02,0.77,0,0.4,0.76,0,0.03,0.01,4.02,65.7,South BBC
C414-CPX-4,2.33,1.94,0.06,0.02,0.73,0,0.52,0.71,0,0.02,0.01,4.02,57.8,South BBC
C414-CPX-5,2.34,1.92,0.1,0.02,0.76,0,0.43,0.74,0,0.02,0.01,4.01,63.5,South BBC
C414-CPX-6,2.33,1.91,0.11,0.02,0.76,0,0.39,0.77,0,0.03,0.01,4.02,66.6,South BBC
Average,2.34,1.93,0.08,0.02,0.75,0,0.47,0.72,0,0.02,0.01,4.02,60.6,South BBC
BBC1-CPX-1,2.26,2.02,0.04,0.02,0.75,0,0.43,0.67,0,0.01,0.01,3.95,61.2,North BBC
BBC1-CPX-2,2.29,2.02,0.05,0.02,0.74,0,0.53,0.57,0,0.02,0.02,3.95,51.6,North BBC
BBC1-CPX-3,2.26,2,0.05,0.02,0.71,0,0.45,0.69,0,0.02,0.01,3.96,60.6,North BBC
BBC1-CPX-4,2.26,1.99,0.06,0.01,0.59,0,0.49,0.77,0,0.03,0.01,3.96,61.2,North BBC
BBC1-CPX-5,2.26,1.99,0.06,0.02,0.74,0,0.43,0.69,0,0.02,0.01,3.97,61.9,North BBC
BBC1-CPX-6,2.26,1.99,0.06,0.02,0.76,0,0.4,0.7,0,0.03,0.01,3.97,63.9,North BBC
BBC1-CPX-7,2.28,2.01,0.05,0.02,0.75,0,0.5,0.61,0,0.02,0.01,3.96,55,North BBC
BBC1-CPX-8,2.27,2.01,0.06,0.02,0.75,0,0.48,0.6,0,0.02,0.01,3.95,55.8,North BBC
BBC1-CPX-9,2.25,1.99,0.06,0.02,0.57,0,0.47,0.83,0,0.02,0.01,3.97,63.7,North BBC
Average,2.27,2,0.05,0.02,0.71,0,0.46,0.68,0,0.02,0.01,3.96,59.4,North BBC
BBC2-CPX-1,2.23,1.97,0.08,0.02,0.69,0,0.37,0.8,0,0.03,0,3.97,68.4,North BBC
BBC2-CPX-2,2.24,1.99,0.07,0.02,0.7,0,0.38,0.77,0,0.03,0.01,3.96,67.1,North BBC
BBC2-CPX-3,2.27,2.03,0.03,0,0.78,0,0.44,0.66,0,0,0.02,3.96,60.1,North BBC
BBC2-CPX-4,2.27,2,0.05,0.02,0.76,0,0.45,0.65,0,0.02,0.01,3.96,59.2,North BBC
BBC2-CPX-5,2.29,2.04,0.03,0.01,0.81,0,0.5,0.54,0,0,0.02,3.95,52.1,North BBC
BBC2-CPX-6,2.23,1.98,0.09,0.02,0.73,0,0.33,0.76,0,0.03,0,3.95,69.5,North BBC
BBC2-CPX-7,2.24,1.99,0.07,0.02,0.67,0,0.41,0.76,0,0.02,0.01,3.96,64.9,North BBC
BBC2-CPX-8,2.26,1.98,0.06,0.02,0.75,0,0.41,0.7,0,0.03,0.01,3.97,63.3,North BBC
BBC2-CPX-9,2.26,2.01,0.06,0.02,0.73,0,0.42,0.68,0,0.02,0.01,3.95,61.5,North BBC
BBC2-CPX-10,2.23,1.99,0.07,0.03,0.76,0,0.32,0.77,0,0.03,0.01,3.97,70.5,North BBC
BBC2-CPX-11,2.25,1.99,0.07,0.02,0.76,0,0.39,0.7,0,0.03,0.01,3.96,64.6,North BBC
BBC2-CPX-12,2.27,1.99,0.05,0.02,0.75,0,0.45,0.67,0,0.02,0.01,3.97,59.6,North BBC
Average,2.25,2,0.06,0.02,0.74,0,0.41,0.71,0,0.02,0.01,3.96,63.4,North BBC
BBC3-CPX-1,2.27,2.01,0.04,0.02,0.77,0,0.46,0.63,0,0.02,0,3.95,57.7,North BBC
BBC3-CPX-2,2.27,2,0.05,0.02,0.76,0,0.43,0.68,0,0.02,0.01,3.97,60.9,North BBC
BBC3-CPX-3,2.24,1.99,0.07,0.02,0.68,0,0.38,0.8,0,0.02,0.01,3.96,67.8,North BBC
BBC3-CPX-4,2.28,2.01,0.04,0.02,0.62,0,0.54,0.7,0,0.02,0.01,3.96,56.5,North BBC
BBC3-CPX-5,2.27,2,0.05,0.02,0.77,0,0.45,0.63,0,0.02,0.01,3.96,58.5,North BBC
BBC3-CPX-6,2.28,2,0.05,0.03,0.75,0,0.49,0.61,0,0.02,0.01,3.97,55.6,North BBC
BBC3-CPX-7,2.25,1.97,0.08,0.02,0.68,0,0.4,0.78,0,0.03,0.01,3.97,66,North BBC
BBC3-CPX-8,2.3,2,0.03,0.01,0.39,0,0.74,0.78,0,0.02,0.02,3.98,51.3,North BBC
BBC3-CPX-9,2.28,2.02,0.04,0.02,0.73,0,0.52,0.58,0,0.02,0.01,3.95,52.8,North BBC
BBC3-CPX-10,2.22,1.99,0.08,0.02,0.76,0,0.3,0.79,0,0.02,0,3.96,72.5,North BBC
Average,2.27,2,0.05,0.02,0.69,0,0.47,0.7,0,0.02,0.01,3.96,60,North BBC
BBC4-CPX-1,2.27,2.01,0.05,0.02,0.77,0,0.44,0.64,0,0.02,0.01,3.96,59.1,North BBC
BBC4-CPX-2,2.31,2.03,0.02,0.02,0.73,0,0.59,0.55,0,0.01,0.01,3.96,48.2,North BBC
BBC4-CPX-3,2.24,1.98,0.08,0.02,0.76,0,0.34,0.75,0,0.03,0.01,3.96,68.9,North BBC
BBC4-CPX-4,2.23,1.98,0.08,0,0.73,0,0.33,0.8,0,0.03,0.01,3.95,71.1,North BBC
BBC4-CPX-5,2.24,1.99,0.07,0.02,0.68,0,0.4,0.75,0,0.03,0.02,3.96,65.4,North BBC
BBC4-CPX-6,2.24,1.97,0.08,0.02,0.7,0,0.38,0.79,0,0.03,0.01,3.97,67.7,North BBC
BBC4-CPX-7,2.25,1.98,0.06,0.02,0.68,0,0.4,0.77,0,0.03,0.02,3.96,65.8,North BBC
BBC4-CPX-8,2.23,1.99,0.07,0,0.64,0,0.39,0.84,0,0.02,0,3.95,68.1,North BBC
BBC4-CPX-9,2.28,1.99,0.05,0,0.61,0,0.54,0.74,0,0.02,0.02,3.96,57.8,North BBC
BBC4-CPX-10,2.25,1.99,0.06,0.02,0.62,0,0.44,0.79,0,0.03,0.01,3.96,64.1,North BBC
BBC4-CPX-11,2.23,1.96,0.1,0.02,0.72,0.01,0.34,0.81,0,0.02,0,3.97,70.5,North BBC
Average,2.25,1.99,0.06,0.01,0.69,0,0.42,0.75,0,0.02,0.01,3.96,64.3,North BBC
BBC5-CPX-1,2.27,2.01,0.05,0.02,0.75,0,0.44,0.65,0,0.02,0.02,3.95,59.6,North BBC
BBC5-CPX-2,2.27,2,0.06,0.02,0.75,0,0.46,0.63,0,0.02,0.01,3.95,58.2,North BBC
BBC5-CPX-3,2.34,2.03,0.04,0.02,0.76,0,0.68,0.39,0,0.01,0.02,3.95,36.7,North BBC
BBC5-CPX-4,2.25,2,0.06,0,0.73,0,0.41,0.7,0,0.02,0.02,3.95,63.2,North BBC
BBC5-CPX-5,2.28,2,0.05,0.02,0.76,0,0.47,0.62,0,0.02,0.01,3.96,56.9,North BBC
BBC5-CPX-6,2.25,2,0.07,0.02,0.76,0,0.4,0.68,0,0.03,0.01,3.95,63.2,North BBC
BBC5-CPX-7,2.26,2,0.06,0.01,0.75,0,0.41,0.68,0,0.03,0.01,3.95,62.1,North BBC
BBC5-CPX-8,2.27,2.01,0.05,0.01,0.75,0,0.47,0.63,0,0.02,0,3.95,57.4,North BBC
BBC5-CPX-9,2.25,1.98,0.07,0.02,0.75,0,0.37,0.73,0,0.03,0.01,3.96,66.2,North BBC
BBC5-CPX-10,2.25,1.98,0.07,0.02,0.77,0,0.37,0.73,0,0.03,0.01,3.97,66.3,North BBC
BBC5-CPX-11,2.3,2,0.04,0.01,0.74,0,0.55,0.57,0,0.02,0.01,3.96,51.1,North BBC
Average,2.27,2,0.06,0.01,0.75,0,0.46,0.64,0,0.02,0.01,3.95,58.3,North BBC
BBC6-CPX-1,2.19,1.98,0.08,0.02,0.78,0.01,0.21,0.87,0,0.02,0,3.96,80.7,North BBC
BBC6-CPX-2,2.2,1.97,0.09,0.02,0.75,0.02,0.22,0.88,0,0.02,0,3.96,80,North BBC
BBC6-CPX-3,2.21,1.96,0.09,0.02,0.65,0.01,0.3,0.89,0,0.04,0.01,3.96,75,North BBC
BBC6-CPX-4,2.21,1.96,0.09,0.02,0.8,0.01,0.22,0.82,0,0.04,0,3.96,78.4,North BBC
BBC6-CPX-5,2.21,1.94,0.11,0.02,0.78,0.01,0.24,0.82,0,0.04,0,3.97,77.3,North BBC
BBC6-CPX-6,2.2,1.96,0.1,0.02,0.8,0.01,0.2,0.86,0,0.03,0,3.97,81.3,North BBC
BBC6-CPX-7,2.19,1.98,0.1,0.01,0.65,0,0.26,0.92,0,0.02,0,3.95,77.9,North BBC
BBC6-CPX-8,2.19,2,0.06,0.02,0.74,0.01,0.22,0.89,0,0.02,0,3.96,80.4,North BBC
BBC6-CPX-9,2.19,1.98,0.09,0.01,0.73,0.02,0.22,0.89,0,0.02,0,3.96,79.8,North BBC
BBC6-CPX-10,2.2,1.97,0.12,0.02,0.78,0.01,0.21,0.81,0,0.02,0,3.95,79.6,North BBC
BBC6-CPX-11,2.2,1.96,0.11,0.02,0.75,0.01,0.24,0.86,0,0.03,0,3.97,78.5,North BBC
BBC6-CPX-12,2.21,1.95,0.11,0.02,0.8,0.01,0.22,0.82,0,0.03,0.01,3.97,78.5,North BBC
Average,2.2,1.97,0.1,0.02,0.75,0.01,0.23,0.86,0,0.03,0,3.96,79,North BBC
BBC7-CPX-1,2.29,2.03,0.03,0.02,0.75,0,0.54,0.57,0,0.01,0.01,3.95,51.5,North BBC
BBC7-CPX-2,2.28,2.01,0.04,0.01,0.75,0,0.49,0.63,0,0.02,0.01,3.96,56.3,North BBC
BBC7-CPX-3,2.28,2.01,0.04,0.01,0.68,0,0.54,0.65,0,0.02,0.01,3.96,54.7,North BBC
BBC7-CPX-4,2.27,2.01,0.05,0.02,0.77,0,0.46,0.63,0,0.02,0.01,3.96,57.4,North BBC
BBC7-CPX-5,2.31,2.03,0.03,0,0.73,0,0.59,0.55,0,0.01,0.02,3.95,48.2,North BBC
BBC7-CPX-6,2.3,2.03,0.03,0,0.72,0,0.58,0.55,0,0.01,0.01,3.94,48.6,North BBC
Average,2.29,2.02,0.04,0.01,0.73,0,0.53,0.6,0,0.02,0.01,3.95,52.8,North BBC
BBC8-CPX-1,2.26,2,0.06,0.02,0.76,0,0.43,0.65,0,0.03,0.02,3.96,60.3,North BBC
BBC8-CPX-2,2.26,2,0.06,0.02,0.75,0,0.41,0.7,0,0.02,0.01,3.96,63.1,North BBC
BBC8-CPX-3,2.27,2.01,0.05,0,0.73,0,0.46,0.66,0,0.02,0.01,3.95,58.7,North BBC
BBC8-CPX-4,2.27,2,0.05,0.01,0.77,0,0.44,0.67,0,0.02,0.01,3.97,60.4,North BBC
BBC8-CPX-5,2.25,2,0.07,0.02,0.73,0,0.4,0.69,0,0.02,0.01,3.95,63.3,North BBC
BBC8-CPX-6,2.24,1.99,0.06,0.02,0.6,0,0.45,0.81,0,0.03,0,3.95,64.4,North BBC
BBC8-CPX-7,2.26,2,0.06,0.02,0.71,0,0.44,0.69,0,0.02,0.01,3.95,61.1,North BBC
BBC8-CPX-8,2.27,2.01,0.05,0.02,0.75,0,0.47,0.64,0,0.02,0.01,3.96,57.8,North BBC
Average,2.26,2,0.06,0.02,0.72,0,0.44,0.69,0,0.02,0.01,3.96,61.1,North BBC
BBC9-CPX-1,2.26,2.01,0.05,0.02,0.7,0,0.47,0.69,0,0.02,0.01,3.96,59.7,North BBC
BBC9-CPX-2,2.26,2,0.06,0.02,0.7,0,0.44,0.69,0,0.03,0.01,3.96,61.1,North BBC
BBC9-CPX-3,2.26,2,0.06,0.02,0.71,0,0.44,0.69,0,0.02,0.01,3.96,61.3,North BBC
BBC9-CPX-4,2.27,2.01,0.04,0.02,0.56,0,0.55,0.75,0,0.02,0.02,3.96,57.8,North BBC
BBC9-CPX-5,2.26,2,0.05,0.02,0.62,0,0.49,0.74,0,0.03,0.01,3.96,60,North BBC
BBC9-CPX-6,2.26,1.99,0.06,0.02,0.69,0,0.46,0.71,0,0.03,0.01,3.97,60.7,North BBC
BBC9-CPX-7,2.25,2.01,0.05,0.01,0.72,0,0.42,0.7,0,0.02,0.01,3.95,62.5,North BBC
BBC9-CPX-8,2.25,2.02,0.05,0,0.71,0,0.44,0.69,0,0.02,0.01,3.94,61.2,North BBC
BBC9-CPX-9,2.26,2,0.06,0.02,0.71,0,0.44,0.69,0,0.02,0.02,3.96,61.1,North BBC
Average,2.26,2,0.05,0.02,0.68,0,0.46,0.71,0,0.02,0.01,3.96,60.6,North BBC
BBC10-CPX-1,2.26,1.98,0.06,0.02,0.7,0,0.43,0.74,0,0.02,0.01,3.97,63.3,North BBC
BBC10-CPX-2,2.26,2.01,0.06,0.03,0.67,0,0.46,0.7,0,0.02,0.01,3.95,60.3,North BBC
BBC10-CPX-3,2.28,1.99,0.06,0.05,0.68,0,0.5,0.68,0,0.02,0.01,3.99,57.8,North BBC
BBC10-CPX-4,2.26,1.99,0.06,0.03,0.69,0,0.44,0.72,0,0.03,0.01,3.97,62.2,North BBC
BBC10-CPX-5,2.25,1.99,0.06,0.02,0.69,0,0.42,0.74,0,0.03,0.01,3.96,63.4,North BBC
BBC10-CPX-6,2.26,1.99,0.06,0.02,0.7,0,0.45,0.7,0,0.03,0.01,3.96,61,North BBC
BBC10-CPX-7,2.26,2.01,0.06,0.01,0.68,0,0.48,0.68,0,0.02,0.01,3.95,58.3,North BBC
BBC10-CPX-8,2.26,2,0.06,0.02,0.7,0,0.47,0.68,0,0.03,0,3.95,59.4,North BBC
BBC10-CPX-9,2.26,2,0.05,0,0.68,0,0.47,0.7,0,0.02,0.01,3.95,59.9,North BBC
Average,2.26,2,0.06,0.02,0.69,0,0.46,0.7,0,0.02,0.01,3.96,60.6,North BBC
BBC11A-CPX-1,2.3,2,0.05,0.02,0.7,0,0.58,0.57,0,0.02,0.02,3.96,49.6,North BBC
BBC11A-CPX-2,2.3,2.01,0.05,0.02,0.69,0,0.59,0.55,0,0.02,0.01,3.95,48.5,North BBC
BBC11A-CPX-3,2.3,2.01,0.05,0.02,0.72,0,0.57,0.56,0,0.02,0.02,3.96,49.8,North BBC
BBC11A-CPX-4,2.3,2.01,0.06,0.02,0.69,0,0.59,0.57,0,0.01,0.01,3.95,49.2,North BBC
BBC11A-CPX-5,2.33,2,0.04,0.02,0.7,0,0.65,0.52,0,0.02,0.02,3.97,44.6,North BBC
BBC11A-CPX-6,2.32,2.01,0.05,0.02,0.71,0,0.62,0.52,0,0.01,0.02,3.96,46,North BBC
BBC11A-CPX-7,2.29,2.01,0.04,0.02,0.72,0,0.54,0.6,0,0.02,0.02,3.97,52.6,North BBC
BBC11A-CPX-8,2.32,2.01,0.05,0.02,0.71,0,0.62,0.53,0,0.02,0.02,3.96,45.8,North BBC
BBC11A-CPX-9,2.3,2.01,0.04,0.02,0.71,0,0.56,0.58,0,0.02,0.02,3.96,50.9,North BBC
BBC11A-CPX-10,2.3,2.01,0.05,0.01,0.71,0,0.58,0.57,0,0.01,0.02,3.96,49.4,North BBC
Average,2.31,2.01,0.05,0.02,0.7,0,0.59,0.56,0,0.02,0.02,3.96,48.6,North BBC
BBC12-CPX-1,2.31,2.01,0.05,0.02,0.7,0,0.58,0.57,0,0.02,0.03,3.96,49.3,North BBC
BBC12-CPX-2,2.31,2.01,0.04,0.02,0.71,0,0.59,0.56,0,0.02,0.01,3.96,48.7,North BBC
BBC12-CPX-3,2.32,2,0.05,0.03,0.71,0,0.6,0.53,0,0.02,0.02,3.97,46.8,North BBC
BBC12-CPX-4,2.31,2.02,0.04,0.02,0.71,0,0.6,0.53,0,0.01,0.02,3.95,46.8,North BBC
BBC12-CPX-5,2.31,2.01,0.05,0.02,0.69,0,0.62,0.54,0,0.01,0.02,3.96,46.6,North BBC
BBC12-CPX-6,2.3,2.02,0.05,0.01,0.69,0,0.58,0.57,0,0.01,0.01,3.95,49.6,North BBC
BBC12-CPX-7,2.3,2.01,0.05,0.02,0.7,0,0.59,0.57,0,0.02,0.02,3.96,49.1,North BBC
BBC12-CPX-8,2.31,2.01,0.05,0.02,0.71,0,0.6,0.53,0,0.02,0.03,3.96,46.9,North BBC
BBC12-CPX-9,2.32,2.01,0.05,0.02,0.7,0,0.62,0.53,0,0.01,0.02,3.96,46,North BBC
BBC12-CPX-10,2.32,2,0.05,0.03,0.71,0,0.6,0.54,0,0.02,0.02,3.97,47.3,North BBC
BBC12-CPX-11,2.31,2.02,0.04,0.03,0.7,0,0.6,0.55,0,0.01,0.01,3.96,47.9,North BBC
BBC12-CPX-12,2.31,2.01,0.05,0.02,0.7,0,0.6,0.54,0,0.01,0.02,3.96,47.1,North BBC
BBC12-CPX-13,2.32,1.99,0.05,0.02,0.69,0,0.62,0.56,0,0.02,0.02,3.97,47.6,North BBC
Average,2.31,2.01,0.05,0.02,0.7,0,0.6,0.55,0,0.02,0.02,3.96,47.7,North BBC
BBC13-CPX-1,2.23,1.96,0.09,0.03,0.75,0,0.31,0.8,0,0.03,0.01,3.97,71.9,North BBC
BBC13-CPX-2,2.23,1.99,0.06,0.01,0.76,0,0.32,0.77,0,0.03,0.01,3.96,70.5,North BBC
BBC13-CPX-3,2.22,1.96,0.12,0.02,0.79,0.01,0.28,0.77,0,0.03,0,3.96,73.4,North BBC
BBC13-CPX-4,2.24,1.98,0.07,0.02,0.75,0,0.36,0.73,0,0.03,0.01,3.96,67,North BBC
BBC13-CPX-5,2.24,2,0.06,0.02,0.76,0,0.35,0.74,0,0.03,0,3.96,67.5,North BBC
BBC13-CPX-6,2.22,1.97,0.1,0.02,0.78,0,0.3,0.76,0,0.03,0,3.96,71.7,North BBC
BBC13-CPX-7,2.23,2,0.06,0.02,0.75,0,0.34,0.74,0,0.02,0.01,3.96,68.6,North BBC
BBC13-CPX-8,2.24,1.99,0.06,0.02,0.76,0,0.37,0.73,0,0.03,0,3.96,66.4,North BBC
BBC13-CPX-9,2.21,2,0.07,0.02,0.78,0,0.27,0.8,0,0.02,0,3.96,75,North BBC
BBC13-CPX-10,2.24,1.96,0.1,0.02,0.78,0,0.34,0.72,0,0.04,0,3.96,68.1,North BBC
BBC13-CPX-11,2.23,1.98,0.08,0.02,0.78,0,0.31,0.75,0,0.04,0.01,3.96,70.7,North BBC
Average,2.23,1.98,0.08,0.02,0.77,0,0.32,0.75,0,0.03,0.01,3.96,70.1,North BBC
BBC14-CPX-1,2.26,1.95,0.06,0.02,0.74,0,0.4,0.78,0,0.03,0.01,4,66,North BBC
BBC14-CPX-2,2.22,1.99,0.09,0.03,0.77,0,0.3,0.75,0,0.02,0.01,3.96,71.4,North BBC
BBC14-CPX-3,2.22,1.99,0.09,0.03,0.77,0,0.3,0.75,0,0.02,0.01,3.96,71.4,North BBC
BBC14-CPX-4,2.22,1.97,0.1,0.02,0.77,0.01,0.29,0.77,0,0.02,0,3.96,72.4,North BBC
BBC14-CPX-5,2.22,1.96,0.11,0.02,0.78,0.02,0.25,0.8,0,0.03,0.01,3.96,76.1,North BBC
BBC14-CPX-6,2.22,1.95,0.11,0.03,0.74,0.02,0.26,0.82,0,0.03,0.01,3.97,75.6,North BBC
BBC14-CPX-7,2.22,2.01,0.06,0.02,0.78,0,0.29,0.79,0,0.01,0.01,3.96,73.5,North BBC
BBC14-CPX-8,2.22,1.99,0.08,0.02,0.77,0,0.29,0.79,0,0.02,0.01,3.96,73.4,North BBC
BBC14-CPX-9,2.23,1.97,0.08,0.03,0.8,0,0.29,0.78,0,0.02,0.01,3.98,73.1,North BBC
BBC14-CPX-10,2.23,1.96,0.09,0.02,0.69,0.01,0.33,0.82,0,0.03,0.01,3.97,71.2,North BBC
BBC14-CPX-11,2.24,2.01,0.05,0.01,0.85,0,0.34,0.69,0,0.02,0,3.96,66.8,North BBC
Average,2.23,1.98,0.08,0.02,0.77,0.01,0.3,0.78,0,0.02,0.01,3.97,71.9,North BBC
G500A-CPX-1,2.25,1.97,0.07,0.01,0.7,0,0.47,0.72,0,0.03,0.01,3.98,60.7,North BBC
G500A-CPX-2,2.29,1.96,0.06,0.01,0.68,0,0.55,0.68,0,0.03,0.01,3.99,55.4,North BBC
G500A-CPX-3,2.28,1.98,0.05,0.01,0.68,0,0.59,0.64,0,0.02,0.01,3.98,52.1,North BBC
G500A-CPX-4,2.29,1.97,0.05,0.01,0.68,0,0.6,0.64,0,0.02,0.02,3.99,51.6,North BBC
G500A-CPX-5,2.29,1.97,0.06,0.01,0.69,0,0.51,0.71,0,0.02,0.01,3.99,58.3,North BBC
G500A-CPX-6,2.29,1.96,0.06,0.01,0.69,0,0.54,0.69,0,0.02,0.01,3.99,55.9,North BBC
G500A-CPX-7,2.28,1.96,0.06,0.01,0.68,0,0.52,0.73,0,0.02,0.01,3.99,58.3,North BBC
G500A-CPX-8,2.29,1.94,0.07,0.01,0.71,0,0.46,0.77,0,0.03,0.01,4,62.2,North BBC
G500A-CPX-9,2.27,1.96,0.06,0.01,0.68,0,0.49,0.73,0,0.02,0.01,3.99,59.8,North BBC
G500A-CPX-10,2.29,1.95,0.07,0.01,0.71,0,0.56,0.65,0,0.03,0.01,3.99,53.7,North BBC
Average,2.28,1.96,0.06,0.01,0.69,0,0.53,0.69,0,0.02,0.01,3.99,56.8,North BBC
G550B-CPX-1,2.27,1.94,0.08,0.02,0.72,0,0.41,0.79,0,0.03,0.01,4,65.6,North BBC
G550B-CPX-2,2.25,1.94,0.09,0.02,0.73,0,0.38,0.8,0,0.03,0.01,3.99,67.8,North BBC
G550B-CPX-3,2.24,1.93,0.09,0.02,0.74,0,0.38,0.8,0,0.03,0.01,4,67.8,North BBC
G550B-CPX-4,2.24,1.95,0.08,0.02,0.75,0,0.36,0.79,0,0.03,0.01,3.99,68.8,North BBC
G550B-CPX-5,2.26,1.96,0.07,0.02,0.65,0,0.44,0.83,0,0.02,0.01,3.99,65.5,North BBC
G550B-CPX-6,2.25,1.95,0.07,0.02,0.78,0,0.32,0.81,0,0.03,0.01,3.99,72,North BBC
G550B-CPX-7,2.25,1.94,0.11,0.02,0.73,0,0.35,0.79,0,0.03,0.01,3.98,69,North BBC
G550B-CPX-8,2.25,1.93,0.11,0.02,0.78,0,0.35,0.77,0,0.03,0.01,3.99,68.9,North BBC
G550B-CPX-9,2.24,1.95,0.07,0.02,0.74,0,0.33,0.84,0,0.03,0.01,3.99,71.7,North BBC
G550B-CPX-10,2.26,1.92,0.1,0.02,0.77,0,0.34,0.81,0,0.04,0.01,4.01,70.6,North BBC
G550B-CPX-11,2.23,1.94,0.09,0.02,0.76,0,0.35,0.79,0,0.03,0.01,3.99,69.3,North BBC
Average,2.25,1.94,0.09,0.02,0.74,0,0.36,0.8,0,0.03,0.01,3.99,68.8,North BBC
G500C-CPX-1,2.36,1.98,0.05,0.01,0.74,0,0.72,0.45,0,0.02,0.02,3.99,38.3,North BBC
G500C-CPX-2,2.35,1.97,0.05,0.01,0.71,0,0.7,0.51,0,0.02,0.02,3.99,42.4,North BBC
G500C-CPX-3,2.32,1.99,0.04,0.01,0.74,0,0.7,0.45,0,0.02,0.02,3.97,39.2,North BBC
G500C-CPX-4,2.4,1.96,0.06,0.01,0.72,0,0.77,0.45,0,0.02,0.02,4,37.1,North BBC
G500C-CPX-5,2.35,1.96,0.06,0.01,0.67,0,0.7,0.55,0,0.02,0.02,4,43.8,North BBC
G500C-CPX-6,2.34,1.98,0.04,0.02,0.73,0,0.73,0.45,0,0.02,0.02,3.98,38.1,North BBC
G500C-CPX-7,2.35,1.97,0.04,0.01,0.75,0,0.71,0.47,0,0.02,0.02,3.99,39.6,North BBC
G500C-CPX-8,2.34,1.98,0.05,0.01,0.72,0,0.72,0.47,0,0.02,0.02,3.99,39.4,North BBC
Average,2.35,1.97,0.05,0.01,0.72,0,0.72,0.47,0,0.02,0.02,3.99,39.7,North BBC
H514-CPX-1,2.24,1.94,0.1,0.02,0.75,0,0.39,0.75,0,0.03,0.01,3.99,65.6,North BBC
H514-CPX-2,2.26,1.93,0.1,0.02,0.75,0,0.38,0.76,0,0.03,0.01,4,66.7,North BBC
H514-CPX-3,2.26,1.93,0.1,0.02,0.74,0,0.38,0.77,0,0.03,0.01,4,66.8,North BBC
H514-CPX-4,2.23,1.95,0.08,0.02,0.75,0,0.37,0.79,0,0.03,0.01,3.99,68.3,North BBC
H514-CPX-5,2.27,1.93,0.09,0.02,0.74,0,0.42,0.76,0,0.03,0.01,4,64.4,North BBC
H514-CPX-6,2.25,1.96,0.07,0.02,0.73,0,0.4,0.77,0,0.03,0.01,3.99,65.9,North BBC
H514-CPX-7,2.3,1.96,0.06,0.01,0.68,0,0.55,0.7,0,0.02,0.01,4,55.9,North BBC
H514-CPX-8,2.28,2,0.03,0.01,0.83,0,0.48,0.63,0,0,0.01,3.99,56.5,North BBC
H514-CPX-9,2.3,1.97,0.06,0.01,0.69,0,0.51,0.71,0,0.02,0.01,3.99,58,North BBC
H514-CPX-10,2.27,1.97,0.06,0.02,0.67,0,0.51,0.73,0,0.02,0.01,3.99,59,North BBC
Average,2.27,1.95,0.07,0.02,0.73,0,0.44,0.74,0,0.03,0.01,3.99,62.7,North BBC
H515-CPX-1,2.29,1.95,0.06,0.02,0.69,0,0.54,0.7,0,0.02,0.01,4,56.4,North BBC
H515-CPX-2,2.25,1.95,0.07,0.02,0.71,0,0.43,0.77,0,0.03,0.01,3.99,64.2,North BBC
H515-CPX-3,2.25,1.96,0.07,0.02,0.72,0,0.42,0.76,0,0.03,0.01,3.99,64.2,North BBC
H515-CPX-4,2.28,1.95,0.06,0.01,0.69,0,0.51,0.73,0,0.03,0.01,4,58.8,North BBC
H515-CPX-5,2.28,1.97,0.06,0.01,0.66,0,0.56,0.69,0,0.02,0.01,3.99,55.3,North BBC
H515-CPX-6,2.34,1.97,0.05,0.01,0.66,0,0.65,0.61,0,0.02,0.02,3.99,48.6,North BBC
H515-CPX-7,2.24,1.96,0.07,0.01,0.68,0,0.47,0.75,0,0.03,0.01,3.99,61.4,North BBC
H515-CPX-8,2.27,1.95,0.06,0.01,0.69,0,0.5,0.73,0,0.03,0.01,4,59.3,North BBC
H515-CPX-9,2.3,1.97,0.06,0.01,0.69,0,0.58,0.65,0,0.02,0.01,3.99,53,North BBC
Average,2.28,1.96,0.06,0.01,0.69,0,0.52,0.71,0,0.02,0.01,3.99,57.9,North BBC
G549-CPX-1,2.25,1.95,0.07,0.02,0.7,0,0.46,0.74,0,0.03,0.01,3.99,61.4,North BBC
G549-CPX-2,2.26,1.95,0.08,0.02,0.71,0,0.44,0.75,0,0.03,0.01,3.99,63.2,North BBC
G549-CPX-3,2.27,1.96,0.07,0.01,0.69,0,0.46,0.75,0,0.03,0.01,3.99,61.7,North BBC
G549-CPX-4,2.27,1.95,0.07,0.01,0.71,0,0.49,0.73,0,0.02,0.01,4,59.6,North BBC
G549-CPX-5,2.34,1.97,0.05,0.01,0.61,0,0.72,0.6,0,0.02,0.02,3.99,45.6,North BBC
G549-CPX-6,2.3,1.95,0.06,0.01,0.68,0,0.55,0.71,0,0.02,0.01,4,56.2,North BBC
G549-CPX-7,2.25,1.94,0.1,0.02,0.73,0,0.42,0.75,0,0.03,0.01,3.99,64.1,North BBC
G549-CPX-8,2.26,1.96,0.07,0.02,0.69,0,0.45,0.78,0,0.02,0.01,3.99,63.6,North BBC
G549-CPX-9,2.25,1.96,0.07,0.01,0.72,0,0.43,0.77,0,0.03,0.01,3.99,64.2,North BBC
G549-CPX-10,2.26,1.95,0.08,0.02,0.7,0,0.44,0.76,0,0.03,0.01,3.99,63.4,North BBC
G549-CPX-11,2.28,1.96,0.06,0.01,0.67,0,0.54,0.71,0,0.02,0.01,3.99,56.6,North BBC
G549-CPX-12,2.27,1.95,0.08,0.02,0.71,0,0.44,0.76,0,0.03,0.01,4,63.2,North BBC
Average,2.27,1.95,0.07,0.01,0.69,0,0.49,0.73,0,0.03,0.01,3.99,60.2,North BBC
G528-CPX-1,2.27,1.96,0.07,0.01,0.69,0,0.48,0.75,0,0.02,0.01,3.99,60.9,North BBC
G528-CPX-2,2.24,1.96,0.08,0.02,0.71,0,0.4,0.77,0,0.03,0.01,3.98,65.9,North BBC
G528-CPX-3,2.27,1.96,0.07,0.01,0.69,0,0.47,0.74,0,0.03,0.01,3.99,60.9,North BBC
G528-CPX-4,2.27,1.95,0.08,0.01,0.72,0,0.44,0.76,0,0.03,0.01,4,63.2,North BBC
G528-CPX-5,2.3,1.96,0.07,0.01,0.7,0,0.54,0.69,0,0.02,0.01,3.99,56.2,North BBC
G528-CPX-6,2.26,1.95,0.07,0.01,0.69,0,0.46,0.76,0,0.03,0.01,3.99,62.2,North BBC
G528-CPX-7,2.29,1.96,0.07,0.02,0.69,0,0.49,0.73,0,0.03,0.01,3.99,59.9,North BBC
G528-CPX-8,2.31,1.96,0.06,0.01,0.69,0,0.55,0.69,0,0.02,0.01,3.99,55.6,North BBC
G528-CPX-9,2.27,1.96,0.07,0.02,0.72,0,0.45,0.75,0,0.02,0.01,3.99,62.7,North BBC
G528-CPX-10,2.27,1.95,0.07,0.02,0.7,0,0.48,0.75,0,0.03,0.01,4,61.1,North BBC
G528-CPX-11,2.25,1.97,0.07,0.01,0.7,0,0.44,0.75,0,0.03,0.01,3.98,63.4,North BBC
Average,2.27,1.96,0.07,0.01,0.7,0,0.47,0.74,0,0.02,0.01,3.99,61.1,North BBC
G527-CPX-1,2.29,1.97,0.05,0.01,0.68,0,0.6,0.65,0,0.02,0.01,3.99,52.1,North BBC
G527-CPX-2,2.27,1.95,0.07,0.01,0.72,0,0.47,0.74,0,0.03,0.01,3.99,61.4,North BBC
G527-CPX-3,2.31,1.97,0.06,0.01,0.68,0,0.6,0.64,0,0.02,0.01,3.99,51.6,North BBC
G527-CPX-4,2.24,1.96,0.07,0.02,0.71,0,0.43,0.77,0,0.03,0.01,3.99,64.2,North BBC
G527-CPX-5,2.26,1.95,0.08,0.02,0.7,0,0.44,0.76,0,0.03,0.01,3.99,63.2,North BBC
G527-CPX-6,2.27,1.96,0.07,0.01,0.68,0,0.49,0.73,0,0.02,0.01,3.98,59.9,North BBC
G527-CPX-7,2.27,1.96,0.07,0.01,0.69,0,0.47,0.74,0,0.03,0.01,3.98,61.4,North BBC
G527-CPX-8,2.26,1.96,0.07,0.02,0.7,0,0.44,0.76,0,0.03,0.01,3.98,63.4,North BBC
G527-CPX-9,2.27,1.95,0.08,0.01,0.71,0,0.45,0.75,0,0.03,0.01,3.99,62.7,North BBC
G527-CPX-10,2.3,1.95,0.07,0.01,0.65,0,0.55,0.73,0,0.02,0.02,4,57,North BBC
G527-CPX-11,2.32,1.95,0.07,0.01,0.7,0,0.58,0.64,0,0.02,0.01,4,52.6,North BBC
Average,2.28,1.96,0.07,0.01,0.69,0,0.5,0.72,0,0.02,0.01,3.99,59,North BBC
G536-CPX-1,2.3,1.96,0.07,0.01,0.68,0,0.55,0.68,0,0.02,0.01,3.99,55.4,North BBC
G536-CPX-2,2.28,1.98,0.06,0.01,0.68,0,0.53,0.68,0,0.02,0.01,3.98,56.1,North BBC
G536-CPX-3,2.29,1.96,0.06,0.02,0.7,0,0.54,0.69,0,0.02,0.01,4,56.4,North BBC
G536-CPX-4,2.28,1.97,0.06,0.02,0.67,0,0.53,0.71,0,0.02,0.01,3.99,57.3,North BBC
G536-CPX-5,2.28,1.97,0.06,0.02,0.66,0,0.55,0.71,0,0.02,0.01,3.99,56.5,North BBC
G536-CPX-6,2.29,1.97,0.06,0.02,0.67,0,0.54,0.68,0,0.02,0.01,3.98,55.6,North BBC
G536-CPX-7,2.3,1.96,0.06,0.01,0.67,0,0.56,0.7,0,0.02,0.01,4,55.5,North BBC
G536-CPX-8,2.28,1.97,0.06,0.02,0.69,0,0.54,0.68,0,0.02,0.01,3.99,55.9,North BBC
G536-CPX-9,2.31,1.96,0.06,0.02,0.68,0,0.55,0.71,0,0.02,0.01,4,56.3,North BBC
G536-CPX-10,2.29,1.96,0.06,0.01,0.69,0,0.54,0.69,0,0.02,0.01,3.99,55.9,North BBC
G536-CPX-11,2.28,1.97,0.06,0.02,0.68,0,0.52,0.71,0,0.02,0.01,3.99,57.6,North BBC
Average,2.29,1.97,0.06,0.02,0.68,0,0.54,0.69,0,0.02,0.01,3.99,56.2,North BBC
KP1-CPX-1,2.22,1.97,0.08,0.02,0.73,0,0.3,0.83,0,0.03,0,3.96,73.8,Keweenaw
KP1-CPX-2,2.22,1.98,0.06,0.03,0.68,0,0.3,0.88,0,0.03,0.01,3.98,74.2,Keweenaw
KP1-CPX-3,2.22,2.02,0.03,0,0.08,0,0.65,1.15,0,0.01,0.02,3.95,63.9,Keweenaw
KP1-CPX-4,2.22,2.01,0.05,0,0.61,0,0.37,0.88,0,0.02,0,3.94,70,Keweenaw
KP1-CPX-5,2.23,1.98,0.07,0.02,0.67,0,0.37,0.82,0,0.03,0,3.96,69,Keweenaw
KP1-CPX-6,2.2,1.99,0.08,0.02,0.72,0,0.27,0.86,0,0.02,0,3.96,76.4,Keweenaw
KP1-CPX-7,2.2,1.97,0.1,0.02,0.73,0,0.23,0.87,0,0.03,0,3.96,78.9,Keweenaw
KP1-CPX-8,2.21,1.98,0.08,0.02,0.74,0,0.27,0.85,0,0.03,0,3.96,75.7,Keweenaw
KP1-CPX-9,2.23,2,0.05,0.01,0.44,0,0.49,0.94,0,0.02,0.01,3.96,65.5,Keweenaw
KP1-CPX-10,2.22,2.02,0.03,0,0.17,0,0.6,1.11,0,0.01,0.01,3.95,64.8,Keweenaw
KP1-CPX-11,2.21,1.99,0.06,0.03,0.7,0,0.31,0.86,0,0.02,0,3.97,73.4,Keweenaw
KP1-CPX-12,2.22,2,0.05,0,0.15,0,0.6,1.15,0,0.01,0.01,3.96,65.6,Keweenaw
KP1-CPX-13,2.21,1.98,0.08,0.02,0.72,0,0.29,0.84,0,0.03,0.01,3.96,74.5,Keweenaw
Average,2.22,1.99,0.06,0.01,0.55,0,0.39,0.92,0,0.02,0.01,3.96,71.2,Keweenaw
KP5-CPX-1,2.23,1.98,0.08,0.02,0.68,0,0.35,0.84,0,0.02,0.01,3.97,70.6,Keweenaw
KP5-CPX-2,2.22,1.96,0.08,0.03,0.67,0,0.33,0.87,0,0.04,0,3.98,72.6,Keweenaw
KP5-CPX-3,2.22,2.01,0.02,0,0.15,0,0.6,1.17,0,0.01,0.02,3.97,66.2,Keweenaw
KP5-CPX-4,2.21,1.99,0.04,0,0.21,0,0.54,1.15,0,0.02,0.02,3.97,67.8,Keweenaw
KP5-CPX-5,2.22,1.97,0.08,0.02,0.64,0,0.35,0.87,0,0.03,0.01,3.97,71.2,Keweenaw
KP5-CPX-6,2.22,1.97,0.07,0.01,0.63,0,0.36,0.88,0,0.03,0.01,3.97,71.1,Keweenaw
KP5-CPX-7,2.2,1.96,0.1,0.02,0.75,0.01,0.22,0.87,0,0.02,0.01,3.97,79.8,Keweenaw
KP5-CPX-8,2.21,1.96,0.09,0.02,0.74,0,0.26,0.85,0,0.03,0.01,3.97,76.4,Keweenaw
KP5-CPX-9,2.22,2,0.05,0.02,0.62,0,0.36,0.89,0,0.02,0,3.96,71.3,Keweenaw
KP5-CPX-10,2.21,1.97,0.09,0.02,0.71,0,0.27,0.87,0,0.03,0.01,3.97,76.4,Keweenaw
KP5-CPX-11,2.21,1.97,0.08,0.02,0.74,0,0.25,0.87,0,0.03,0.01,3.97,77.6,Keweenaw
KP5-CPX-12,2.21,2.04,0.03,0,0.82,0,0.25,0.8,0,0,0.01,3.95,76.3,Keweenaw
Average,2.21,1.98,0.07,0.02,0.61,0,0.34,0.91,0,0.02,0.01,3.97,73.1,Keweenaw
KP6-CPX-1,2.24,1.95,0.1,0.02,0.7,0,0.35,0.81,0,0.03,0.01,3.98,70,Keweenaw
KP6-CPX-2,2.22,2.01,0.06,0,0.44,0,0.46,0.96,0,0.01,0.01,3.95,67.9,Keweenaw
KP6-CPX-3,2.22,1.97,0.06,0.01,0.62,0,0.34,0.95,0,0.02,0.01,3.99,73.9,Keweenaw
KP6-CPX-4,2.17,1.92,0.08,0,0.83,0.01,0.28,0.9,0,0.01,0,4.03,76.1,Keweenaw
KP6-CPX-5,2.22,1.97,0.09,0.02,0.7,0,0.32,0.83,0,0.03,0,3.96,72.3,Keweenaw
KP6-CPX-6,2.23,1.98,0.06,0,0.68,0,0.35,0.83,0,0.03,0.01,3.95,70,Keweenaw
Average,2.21,1.97,0.07,0.01,0.66,0,0.35,0.88,0,0.02,0.01,3.98,71.7,Keweenaw
KP7A-CPX-1,2.24,1.89,0.09,0.03,0.8,0.01,0.25,0.96,0,0.02,0.01,4.05,79.3,Keweenaw
KP7A-CPX-2,2.23,1.9,0.1,0.02,0.78,0.01,0.26,0.93,0,0.02,0.01,4.04,78.2,Keweenaw
KP7A-CPX-3,2.23,1.91,0.09,0.02,0.76,0,0.27,0.94,0,0.03,0.01,4.03,77.6,Keweenaw
KP7A-CPX-4,2.24,1.9,0.08,0,0.8,0.01,0.28,0.92,0,0.03,0,4.03,76.5,Keweenaw
KP7A-CPX-5,2.3,1.86,0.08,0,0.9,0,0.4,0.78,0,0.03,0.01,4.07,65.7,Keweenaw
KP7A-CPX-6,2.24,1.9,0.08,0,0.8,0.01,0.28,0.92,0,0.03,0,4.03,76.5,Keweenaw
KP7A-CPX-7,2.22,1.91,0.09,0.02,0.76,0.01,0.25,0.95,0,0.02,0.01,4.03,79.1,Keweenaw
KP7A-CPX-8,2.23,1.91,0.09,0.02,0.8,0.01,0.27,0.93,0,0.02,0,4.04,77.5,Keweenaw
KP7A-CPX-9,2.3,1.86,0.08,0,0.9,0,0.4,0.78,0,0.03,0.01,4.07,65.7,Keweenaw
KP7A-CPX-10,2.3,1.86,0.08,0,0.9,0,0.4,0.78,0,0.03,0.01,4.07,65.7,Keweenaw
KP7A-CPX-11,2.27,1.91,0.08,0.03,0.78,0,0.4,0.81,0,0.03,0,4.03,67.1,Keweenaw
KP7A-CPX-12,2.25,1.88,0.1,0.02,0.85,0.02,0.27,0.9,0,0.02,0,4.05,77.2,Keweenaw
KP7A-CPX-13,2.25,1.89,0.08,0.02,0.81,0.01,0.3,0.9,0,0.02,0.01,4.06,74.9,Keweenaw
KP7A-CPX-14,2.23,1.9,0.09,0.02,0.79,0.01,0.27,0.94,0,0.02,0,4.04,77.6,Keweenaw
KP7A-CPX-15,2.23,1.92,0.09,0.02,0.76,0.01,0.27,0.94,0,0.02,0,4.03,77.4,Keweenaw
Average,2.25,1.89,0.09,0.02,0.81,0.01,0.31,0.89,0,0.02,0.01,4.04,74.4,Keweenaw
KP7B-CPX-1,2.28,1.92,0.06,0.02,0.73,0,0.45,0.82,0,0.03,0.01,4.04,64.7,Keweenaw
KP7B-CPX-2,2.29,1.92,0.06,0.02,0.73,0,0.5,0.77,0,0.03,0,4.03,60.6,Keweenaw
KP7B-CPX-3,2.3,1.91,0.06,0.03,0.73,0,0.48,0.79,0,0.03,0.01,4.05,62,Keweenaw
KP7B-CPX-4,2.31,1.9,0.07,0.02,0.8,0,0.49,0.72,0,0.03,0.01,4.05,59.5,Keweenaw
KP7B-CPX-5,2.28,1.92,0.06,0.02,0.73,0,0.45,0.82,0,0.03,0.01,4.04,64.7,Keweenaw
KP7B-CPX-6,2.3,1.91,0.06,0.03,0.73,0,0.48,0.79,0,0.03,0.01,4.05,62,Keweenaw
KP7B-CPX-7,2.29,1.91,0.06,0.02,0.72,0,0.47,0.83,0,0.03,0,4.04,63.8,Keweenaw
KP7B-CPX-8,2.3,1.92,0.07,0.03,0.74,0,0.49,0.74,0.01,0.02,0.01,4.04,60.4,Keweenaw
KP7B-CPX-9,2.3,1.85,0.14,0.02,0.71,0,0.49,0.82,0,0.03,0.01,4.07,62.3,Keweenaw
KP7B-CPX-10,2.29,1.91,0.06,0.02,0.75,0,0.47,0.81,0,0.02,0,4.05,63.4,Keweenaw
KP7B-CPX-11,2.32,1.93,0.04,0.02,0.72,0,0.57,0.72,0,0.02,0.02,4.04,55.7,Keweenaw
KP7B-CPX-12,2.31,1.93,0.04,0.02,0.67,0,0.56,0.77,0,0.02,0.02,4.04,57.8,Keweenaw
Average,2.3,1.91,0.07,0.02,0.73,0,0.49,0.78,0,0.03,0.01,4.04,61.4,Keweenaw
KP10-CPX-1,2.25,1.99,0.05,0.02,0.7,0,0.42,0.75,0,0.02,0.01,3.97,64.3,Keweenaw
KP10-CPX-3,2.23,1.96,0.09,0.02,0.75,0,0.31,0.79,0,0.03,0.01,3.97,71.8,Keweenaw
KP10-CPX-4,2.25,1.99,0.06,0.01,0.71,0,0.41,0.74,0,0.02,0.01,3.96,64.3,Keweenaw
KP10-CPX-5,2.25,1.99,0.06,0.02,0.7,0,0.4,0.75,0,0.03,0.01,3.96,65.2,Keweenaw
KP10-CPX-6,2.36,1.54,0.62,0,0.05,0,0.96,0.97,0,0,0.01,4.15,50.3,Keweenaw
KP10-CPX-8,2.25,2,0.06,0.02,0.7,0,0.41,0.74,0,0.02,0.01,3.96,64.2,Keweenaw
KP10-CPX-9,2.33,1.6,0.59,0,0.07,0,0.9,0.93,0.01,0,0.01,4.11,51,Keweenaw
KP10-CPX-10,2.26,2,0.05,0.02,0.7,0,0.43,0.73,0,0.02,0.02,3.96,63.1,Keweenaw
KP10-CPX-11,2.24,1.98,0.08,0.02,0.75,0,0.34,0.77,0,0.03,0.01,3.97,69.4,Keweenaw
KP10-CPX-12,2.24,1.99,0.07,0.02,0.75,0,0.35,0.75,0,0.03,0,3.96,68,Keweenaw
Average,2.26,1.9,0.17,0.02,0.59,0,0.49,0.79,0,0.02,0.01,4,63.2,Keweenaw
KP11A-CPX-1,2.26,2,0.05,0.02,0.71,0,0.45,0.71,0,0.02,0.01,3.97,61.3,Keweenaw
KP11A-CPX-2,2.28,2,0.05,0.02,0.68,0,0.53,0.64,0,0.02,0.01,3.96,54.9,Keweenaw
KP11A-CPX-3,2.26,2.01,0.04,0.02,0.7,0,0.46,0.69,0,0.03,0,3.95,60.1,Keweenaw
KP11A-CPX-4,2.3,2.02,0.03,0.02,0.68,0,0.57,0.61,0,0.01,0.02,3.96,51.6,Keweenaw
KP11A-CPX-5,2.25,1.99,0.05,0.02,0.72,0,0.41,0.72,0,0.03,0.01,3.96,63.6,Keweenaw
KP11A-CPX-6,2.28,2,0.05,0.02,0.7,0,0.5,0.67,0,0.02,0.01,3.97,57.4,Keweenaw
KP11A-CPX-7,2.31,1.93,0.04,0.02,0.67,0,0.56,0.77,0,0.02,0.02,4.04,57.8,Keweenaw
KP11A-CPX-8,2.26,2,0.14,0,0.73,0,0.45,0.58,0,0,0.04,3.93,56.3,Keweenaw
KP11A-CPX-9,2.32,1.93,0.04,0.02,0.72,0,0.57,0.72,0,0.02,0.02,4.04,55.7,Keweenaw
KP11A-CPX-10,2.31,1.94,0.08,0.03,0.84,0.01,0.52,0.55,0,0.02,0.01,4,51.3,Keweenaw
KP11A-CPX-11,2.28,2,0.05,0.02,0.69,0,0.52,0.65,0,0.03,0.01,3.96,55.6,Keweenaw
KP11A-CPX-12,2.3,2.01,0.03,0.02,0.71,0,0.56,0.59,0,0.03,0.01,3.96,51,Keweenaw
Average,2.28,1.99,0.05,0.02,0.71,0,0.51,0.66,0,0.02,0.01,3.98,56.4,Keweenaw
KP12-CPX-1,2.41,1.95,0.03,0.03,0.78,0,0.84,0.36,0,0.02,0.03,4.03,29.9,Keweenaw
KP12-CPX-2,2.4,1.96,0.02,0.02,0.79,0,0.79,0.39,0,0.02,0.02,4.02,33.2,Keweenaw
KP12-CPX-3,2.36,1.95,0.04,0.02,0.72,0,0.69,0.57,0,0.02,0.02,4.03,45,Keweenaw
KP12-CPX-4,2.4,1.95,0.03,0.02,0.77,0,0.79,0.42,0,0.02,0.02,4.03,34.9,Keweenaw
KP12-CPX-5,2.37,1.94,0.03,0.02,0.77,0,0.72,0.5,0,0.03,0.02,4.03,41,Keweenaw
KP12-CPX-6,2.36,1.94,0.04,0.02,0.76,0,0.7,0.54,0,0.02,0.02,4.03,43.3,Keweenaw
KP12-CPX-7,2.34,1.93,0.04,0.02,0.76,0,0.62,0.63,0,0.02,0.02,4.04,50.1,Keweenaw
KP12-CPX-8,2.35,1.93,0.05,0,0.72,0,0.66,0.62,0,0.02,0.01,4.03,48.5,Keweenaw
KP12-CPX-9,2.33,1.9,0.09,0.02,0.75,0,0.59,0.65,0,0.03,0.02,4.04,52.4,Keweenaw
KP12-CPX-10,2.33,1.92,0.05,0.02,0.73,0,0.61,0.67,0,0.02,0.01,4.04,52.3,Keweenaw
KP12-CPX-11,2.36,1.94,0.04,0.02,0.72,0,0.69,0.58,0,0.03,0.02,4.03,45.5,Keweenaw
KP12-CPX-12,2.42,1.96,0.02,0.03,0.75,0,0.88,0.37,0,0.01,0.03,4.04,29.4,Keweenaw
KP12-CPX-13,2.41,1.95,0.03,0.03,0.78,0,0.84,0.36,0,0.02,0.02,4.03,29.8,Keweenaw
KP12-CPX-14,2.32,1.91,0.05,0.02,0.74,0,0.55,0.73,0,0.03,0.02,4.04,57.3,Keweenaw
KP12-CPX-15,2.35,1.91,0.07,0.04,0.72,0,0.64,0.61,0,0.03,0.02,4.04,48.7,Keweenaw
Average,2.37,1.94,0.04,0.02,0.75,0,0.71,0.53,0,0.02,0.02,4.03,42.7,Keweenaw
KP14A-CPX-1,2.36,1.93,0.03,0.03,0.73,0,0.69,0.61,0,0.02,0.01,4.05,46.9,Keweenaw
KP14A-CPX-2,2.35,1.93,0.04,0.02,0.71,0,0.67,0.62,0,0.02,0.02,4.03,48,Keweenaw
KP14A-CPX-3,2.35,1.94,0.04,0.03,0.71,0,0.68,0.6,0,0.02,0.02,4.03,46.6,Keweenaw
KP14A-CPX-4,2.34,1.94,0.04,0.02,0.71,0,0.66,0.61,0,0.03,0.01,4.02,48.3,Keweenaw
KP14A-CPX-6,2.34,1.93,0.05,0.02,0.69,0,0.66,0.64,0,0.03,0.02,4.03,49.1,Keweenaw
KP14A-CPX-8,2.35,1.93,0.05,0.03,0.73,0,0.66,0.6,0,0.02,0.02,4.04,47.5,Keweenaw
KP14A-CPX-9,2.35,1.93,0.03,0.02,0.71,0,0.66,0.63,0,0.03,0.02,4.04,48.8,Keweenaw
KP14A-CPX-11,2.35,1.93,0.04,0.03,0.72,0,0.68,0.6,0,0.02,0.02,4.04,46.7,Keweenaw
KP14A-CPX-12,2.35,1.95,0.03,0.02,0.71,0,0.67,0.61,0,0.02,0.02,4.03,47.9,Keweenaw
KP14A-CPX-13,2.35,1.95,0.04,0.02,0.71,0,0.67,0.6,0,0.02,0.02,4.02,47.3,Keweenaw
Average,2.35,1.94,0.04,0.02,0.71,0,0.67,0.61,0,0.02,0.02,4.03,47.7,Keweenaw
KP14B-CPX-1,2.24,1.97,0.08,0.02,0.74,0,0.35,0.76,0,0.04,0.01,3.96,68.5,Keweenaw
KP14B-CPX-2,2.23,1.99,0.06,0.02,0.74,0,0.33,0.79,0,0.03,0,3.97,70.3,Keweenaw
KP14B-CPX-3,2.23,1.98,0.08,0.02,0.74,0,0.35,0.76,0,0.03,0,3.96,68.5,Keweenaw
KP14B-CPX-4,2.25,2,0.06,0.03,0.71,0,0.42,0.71,0,0.02,0.01,3.96,63,Keweenaw
KP14B-CPX-5,2.24,1.96,0.09,0.02,0.73,0,0.36,0.77,0,0.03,0.01,3.97,68.4,Keweenaw
KP14B-CPX-6,2.25,1.99,0.06,0.03,0.72,0,0.39,0.75,0,0.03,0.01,3.97,66,Keweenaw
KP14B-CPX-7,2.25,1.97,0.07,0.02,0.73,0,0.39,0.74,0,0.04,0.01,3.97,65.7,Keweenaw
KP14B-CPX-8,2.23,1.97,0.08,0.02,0.74,0,0.33,0.79,0,0.03,0,3.96,70.9,Keweenaw
KP14B-CPX-9,2.23,1.95,0.1,0.03,0.76,0.01,0.3,0.79,0,0.03,0.01,3.97,72.6,Keweenaw
Average,2.24,1.98,0.08,0.02,0.73,0,0.36,0.76,0,0.03,0.01,3.96,68.2,Keweenaw
KP15-CPX-1,2.22,1.97,0.08,0.02,0.7,0,0.31,0.86,0,0.03,0.01,3.97,73.8,Keweenaw
KP15-CPX-2,2.21,1.99,0.06,0.01,0.71,0,0.27,0.9,0,0.02,0.01,3.97,76.9,Keweenaw
KP15-CPX-3,2.25,2.03,0,0,0.16,0,0.69,1.06,0,0.01,0.02,3.96,60.8,Keweenaw
KP15-CPX-4,2.25,2.03,0.01,0,0.1,0,0.71,1.06,0,0.01,0.02,3.95,59.9,Keweenaw
KP15-CPX-5,2.2,1.96,0.11,0.02,0.73,0.02,0.23,0.87,0,0.03,0.01,3.97,78.9,Keweenaw
KP15-CPX-6,2.24,2.03,0.02,0,0.1,0,0.71,1.09,0,0,0.01,3.96,60.7,Keweenaw
KP15-CPX-7,2.21,1.99,0.06,0.02,0.7,0,0.28,0.88,0,0.02,0.01,3.96,75.8,Keweenaw
KP15-CPX-8,2.25,2.02,0.01,0,0.1,0,0.72,1.08,0,0.01,0.02,3.96,59.9,Keweenaw
KP15-CPX-9,2.23,2,0.05,0.02,0.58,0,0.4,0.88,0,0.02,0.02,3.96,69,Keweenaw
KP15-CPX-10,2.24,2,0.03,0,0.21,0,0.62,1.07,0,0.02,0.02,3.97,63.4,Keweenaw
KP15-CPX-11,2.2,1.98,0.09,0.02,0.74,0,0.24,0.86,0,0.02,0,3.96,78.4,Keweenaw
KP15-CPX-12,2.24,1.98,0.07,0.02,0.61,0,0.41,0.84,0,0.03,0.01,3.97,67.3,Keweenaw
Average,2.23,2,0.05,0.01,0.45,0,0.46,0.96,0,0.02,0.01,3.96,68.7,Keweenaw
KP101-CPX-1,2.24,1.99,0.07,0.02,0.65,0,0.4,0.79,0,0.03,0.01,3.96,66.4,Keweenaw
KP101-CPX-2,2.24,1.99,0.07,0.02,0.65,0,0.4,0.79,0,0.03,0.01,3.96,66.4,Keweenaw
KP101-CPX-3,2.26,2.02,0.02,0,0.14,0,0.74,0.99,0,0.01,0.02,3.95,57.3,Keweenaw
KP101-CPX-4,2.23,1.96,0.09,0.02,0.71,0,0.34,0.82,0,0.04,0,3.97,70.6,Keweenaw
KP101-CPX-5,2.24,2,0.05,0.02,0.66,0,0.4,0.8,0,0.02,0.01,3.96,66.5,Keweenaw
KP101-CPX-6,2.26,1.99,0.06,0.02,0.62,0,0.48,0.77,0,0.02,0.02,3.97,61.7,Keweenaw
KP101-CPX-7,2.25,2.01,0.05,0.02,0.69,0,0.41,0.74,0,0.02,0.01,3.96,64.4,Keweenaw
KP101-CPX-8,2.24,1.99,0.07,0.02,0.66,0,0.4,0.79,0,0.03,0.01,3.96,66.3,Keweenaw
KP101-CPX-9,2.28,2.02,0.02,0,0.2,0,0.76,0.94,0,0.01,0.02,3.96,55.1,Keweenaw
KP101-CPX-10,2.24,1.97,0.08,0.02,0.7,0,0.37,0.78,0,0.03,0.01,3.97,67.5,Keweenaw
Average,2.25,1.99,0.06,0.02,0.57,0,0.47,0.82,0,0.02,0.01,3.96,64.2,Keweenaw
KP108-CPX-1,2.28,1.93,0.05,0.02,0.75,0,0.44,0.82,0,0.02,0.01,4.04,64.9,Keweenaw
KP108-CPX-2,2.3,1.86,0.08,0,0.9,0,0.4,0.78,0,0.03,0.01,4.07,65.7,Keweenaw
KP108-CPX-3,2.31,1.9,0.07,0.02,0.8,0,0.49,0.72,0,0.03,0.01,4.05,59.5,Keweenaw
KP108-CPX-4,2.3,1.91,0.06,0.03,0.73,0,0.48,0.79,0,0.03,0.01,4.05,62,Keweenaw
KP108-CPX-5,2.3,1.86,0.08,0,0.9,0,0.4,0.78,0,0.03,0.01,4.07,65.7,Keweenaw
KP108-CPX-6,2.27,1.89,0.08,0.02,0.72,0,0.4,0.89,0,0.03,0.01,4.04,69.1,Keweenaw
KP108-CPX-7,2.25,1.91,0.07,0.03,0.73,0,0.36,0.89,0,0.03,0.01,4.04,71.3,Keweenaw
KP108-CPX-8,2.26,1.92,0.06,0.02,0.72,0,0.46,0.8,0,0.03,0,4.02,63.4,Keweenaw
KP108-CPX-9,2.23,2.02,0.03,0,0.14,0,0.64,1.09,0,0.01,0.02,3.96,63,Keweenaw
KP108-CPX-10,2.29,1.92,0.07,0.02,0.68,0,0.5,0.81,0,0.03,0.01,4.03,62,Keweenaw
Average,2.28,1.91,0.07,0.02,0.71,0,0.46,0.84,0,0.03,0.01,4.03,64.7,Keweenaw
KP111A-CPX-1,2.25,2,0.06,0.03,0.69,0,0.42,0.75,0,0.02,0,3.97,64,Keweenaw
KP111A-CPX-2,2.27,2.03,0.1,0.02,0.77,0,0.47,0.49,0,0.02,0,3.91,50.9,Keweenaw
KP111A-CPX-3,2.26,2.05,0.07,0,0.75,0,0.49,0.51,0,0.02,0,3.9,50.8,Keweenaw
KP111A-CPX-4,2.27,2.04,0.08,0.02,0.78,0,0.48,0.48,0,0.03,0,3.9,49.7,Keweenaw
KP111A-CPX-5,2.27,2.05,0.08,0.02,0.78,0,0.48,0.47,0,0.02,0.01,3.91,49.5,Keweenaw
KP111A-CPX-6,2.26,2,0.06,0.02,0.71,0,0.43,0.69,0,0.03,0.01,3.96,61.7,Keweenaw
KP111A-CPX-7,2.27,2.03,0.09,0.02,0.76,0,0.49,0.49,0,0.02,0.01,3.91,50.1,Keweenaw
KP111A-CPX-8,2.27,2.03,0.08,0.02,0.77,0.01,0.48,0.47,0,0.02,0,3.91,49.4,Keweenaw
KP111A-CPX-9,2.27,2.04,0.08,0.03,0.77,0,0.48,0.49,0,0.02,0.01,3.92,50.8,Keweenaw
KP111A-CPX-10,2.27,2.03,0.08,0.03,0.77,0,0.47,0.5,0,0.03,0.01,3.92,51.8,Keweenaw
KP111A-CPX-11,2.26,2.05,0.08,0.02,0.78,0,0.47,0.47,0,0.02,0,3.9,49.6,Keweenaw
KP111A-CPX-12,2.28,2.03,0.08,0.04,0.77,0,0.5,0.48,0,0.02,0,3.92,49,Keweenaw
Average,2.27,2.03,0.08,0.02,0.76,0,0.47,0.53,0,0.02,0,3.92,52.3,Keweenaw
KP111B-CPX-1,2.25,2.01,0.05,0.03,0.7,0,0.43,0.71,0,0.03,0.01,3.96,62.6,Keweenaw
KP111B-CPX-2,2.21,1.98,0.08,0.02,0.75,0.01,0.27,0.84,0,0.02,0,3.96,75.3,Keweenaw
KP111B-CPX-3,2.25,2.02,0.06,0.02,0.68,0,0.43,0.71,0,0.02,0.01,3.94,62.5,Keweenaw
KP111B-CPX-4,2.26,2.03,0.1,0.02,0.75,0,0.48,0.5,0,0.03,0,3.91,50.9,Keweenaw
KP111B-CPX-5,2.26,2.01,0.05,0.02,0.67,0,0.46,0.72,0,0.02,0.01,3.96,60.7,Keweenaw
KP111B-CPX-6,2.26,1.98,0.13,0.02,0.73,0,0.44,0.58,0,0.04,0,3.93,56.8,Keweenaw
KP111B-CPX-7,2.27,2.04,0.08,0.02,0.77,0.01,0.48,0.48,0,0.03,0.01,3.9,50.2,Keweenaw
KP111B-CPX-8,2.22,1.8,0.47,0.03,0.65,0,0.34,0.62,0,0.02,0.01,3.95,64.3,Keweenaw
KP111B-CPX-9,2.21,1.96,0.11,0.02,0.76,0,0.26,0.82,0,0.03,0.01,3.97,75.9,Keweenaw
Average,2.24,1.98,0.12,0.02,0.72,0,0.4,0.66,0,0.03,0.01,3.94,62.1,Keweenaw
KP111C-CPX-1,2.23,1.98,0.08,0.03,0.74,0,0.33,0.78,0,0.03,0,3.97,70.3,Keweenaw
KP111C-CPX-2,2.23,1.98,0.07,0.02,0.74,0,0.33,0.79,0,0.03,0.01,3.97,70.4,Keweenaw
KP111C-CPX-3,2.21,1.99,0.08,0.01,0.76,0,0.28,0.82,0,0.02,0.01,3.96,74.5,Keweenaw
KP111C-CPX-4,2.21,1.98,0.08,0.02,0.75,0,0.29,0.81,0,0.02,0,3.96,73.8,Keweenaw
KP111C-CPX-5,2.24,1.97,0.07,0.04,0.71,0,0.37,0.78,0,0.03,0.01,3.98,67.6,Keweenaw
KP111C-CPX-6,2.26,1.99,0.06,0.02,0.67,0,0.44,0.74,0,0.03,0.01,3.96,62.5,Keweenaw
KP111C-CPX-7,2.23,1.97,0.07,0.01,0.75,0.01,0.33,0.79,0,0.03,0.01,3.97,70.6,Keweenaw
KP111C-CPX-8,2.25,1.98,0.06,0.04,0.71,0,0.39,0.76,0,0.03,0.01,3.98,66.3,Keweenaw
Average,2.23,1.98,0.07,0.02,0.73,0,0.35,0.78,0,0.03,0.01,3.97,69.5,Keweenaw
KP114-CPX-1,2.28,1.92,0.06,0.01,0.75,0,0.42,0.82,0,0.02,0.02,4.03,65.9,Keweenaw
KP114-CPX-2,2.27,1.91,0.07,0.02,0.77,0,0.38,0.83,0,0.04,0.01,4.03,68.6,Keweenaw
KP114-CPX-3,2.27,1.91,0.07,0.02,0.75,0,0.41,0.85,0,0.03,0,4.04,67.4,Keweenaw
KP114-CPX-4,2.29,1.91,0.06,0.02,0.7,0,0.49,0.82,0,0.03,0.01,4.04,62.5,Keweenaw
KP114-CPX-5,2.29,1.92,0.06,0,0.72,0,0.47,0.81,0,0.03,0.02,4.03,63.3,Keweenaw
KP114-CPX-6,2.28,1.91,0.06,0.02,0.74,0,0.43,0.85,0,0.03,0,4.04,66.1,Keweenaw
KP114-CPX-7,2.27,1.91,0.08,0.02,0.75,0,0.41,0.82,0,0.04,0,4.02,67,Keweenaw
KP114-CPX-8,2.27,1.9,0.08,0.02,0.74,0,0.43,0.81,0,0.04,0,4.03,65.4,Keweenaw
Average,2.28,1.91,0.07,0.02,0.74,0,0.43,0.83,0,0.03,0.01,4.03,65.8,Keweenaw
IR1-CPX-1,2.27,2.02,0.11,0.02,0.74,0.02,0.5,0.47,0,0.02,0,3.9,48.9,Isle Royale
IR1-CPX-2,2.25,1.98,0.06,0,0.72,0,0.39,0.76,0,0.03,0.01,3.95,66.2,Isle Royale
IR1-CPX-3,2.26,2.03,0.07,0.01,0.76,0,0.46,0.55,0,0.02,0,3.92,54.6,Isle Royale
IR1-CPX-4,2.26,2.02,0.07,0.02,0.74,0,0.45,0.61,0,0.02,0,3.93,57.6,Isle Royale
IR1-CPX-5,2.27,2.05,0.06,0.02,0.78,0.01,0.5,0.46,0,0.02,0,3.9,48,Isle Royale
IR1-CPX-6,2.26,2.03,0.07,0.02,0.77,0,0.46,0.55,0,0.02,0,3.92,54.3,Isle Royale
IR1-CPX-7,2.25,1.99,0.06,0.02,0.73,0,0.4,0.72,0,0.03,0.02,3.96,64.5,Isle Royale
IR1-CPX-8,2.27,2.02,0.09,0.03,0.77,0,0.48,0.51,0,0.03,0,3.93,51.6,Isle Royale
IR1-CPX-9,2.27,2.03,0.07,0.02,0.76,0,0.46,0.55,0,0.02,0.01,3.92,54.1,Isle Royale
IR1-CPX-10,2.28,1.99,0.04,0.02,0.69,0,0.5,0.7,0,0.02,0.01,3.98,58.5,Isle Royale
Average,2.26,2.02,0.07,0.02,0.74,0,0.46,0.59,0,0.02,0.01,3.93,55.8,Isle Royale
IR3-CPX-1,2.25,1.99,0.06,0.02,0.7,0,0.4,0.76,0,0.03,0.01,3.96,65.5,Isle Royale
IR3-CPX-2,2.24,1.98,0.07,0.03,0.7,0,0.38,0.77,0,0.03,0.01,3.97,66.8,Isle Royale
IR3-CPX-3,2.24,1.98,0.07,0.03,0.7,0,0.38,0.77,0,0.03,0.01,3.97,66.8,Isle Royale
IR3-CPX-4,2.25,1.98,0.06,0.02,0.7,0,0.4,0.76,0,0.03,0.01,3.97,65.9,Isle Royale
IR3-CPX-5,2.25,2.01,0.05,0.02,0.7,0,0.43,0.72,0,0.02,0,3.95,62.6,Isle Royale
IR3-CPX-6,2.24,1.98,0.06,0.02,0.71,0,0.38,0.77,0,0.03,0.01,3.97,67.3,Isle Royale
IR3-CPX-7,2.24,1.99,0.06,0.02,0.69,0,0.4,0.76,0,0.02,0.01,3.96,65.5,Isle Royale
IR3-CPX-8,2.24,1.99,0.06,0.02,0.7,0,0.38,0.76,0,0.03,0.01,3.96,66.5,Isle Royale
IR3-CPX-9,2.27,2.01,0.08,0.02,0.75,0,0.46,0.57,0.01,0.02,0.01,3.94,55.1,Isle Royale
IR3-CPX-10,2.26,2.03,0.08,0.02,0.73,0,0.47,0.56,0,0.02,0,3.91,54.2,Isle Royale
Average,2.25,2,0.07,0.02,0.71,0,0.41,0.72,0,0.03,0.01,3.96,63.6,Isle Royale
IR6-CPX-1,2.24,1.97,0.08,0.02,0.7,0,0.38,0.78,0,0.03,0,3.97,67.5,Isle Royale
IR6-CPX-2,2.25,1.98,0.07,0.02,0.72,0,0.38,0.75,0,0.03,0.01,3.96,66.1,Isle Royale
IR6-CPX-3,2.26,1.99,0.09,0.02,0.71,0,0.44,0.65,0,0.03,0,3.94,59.7,Isle Royale
IR6-CPX-4,2.26,1.99,0.09,0.02,0.76,0,0.43,0.62,0,0.03,0,3.94,59,Isle Royale
IR6-CPX-5,2.26,1.99,0.05,0.02,0.7,0,0.44,0.72,0,0.03,0.01,3.96,62.3,Isle Royale
IR6-CPX-6,2.26,2.02,0.07,0.02,0.72,0,0.45,0.63,0,0.02,0,3.93,58.5,Isle Royale
IR6-CPX-7,2.26,2,0.05,0.02,0.67,0,0.45,0.73,0,0.02,0.02,3.96,61.8,Isle Royale
IR6-CPX-8,2.28,2,0.04,0.02,0.67,0,0.52,0.68,0,0.02,0.01,3.96,56.5,Isle Royale
IR6-CPX-9,2.26,2,0.05,0.02,0.7,0,0.46,0.71,0,0.02,0.01,3.96,60.5,Isle Royale
IR6-CPX-10,2.27,2,0.04,0.01,0.67,0,0.5,0.7,0,0.02,0.02,3.96,58.4,Isle Royale
Average,2.26,2,0.06,0.02,0.7,0,0.45,0.7,0,0.03,0.01,3.96,61,Isle Royale
IR7A-CPX-1,2.25,1.99,0.06,0.02,0.7,0,0.41,0.75,0,0.03,0.01,3.96,64.7,Isle Royale
IR7A-CPX-2,2.26,2.02,0.07,0.01,0.75,0,0.46,0.59,0,0.02,0.01,3.93,56.5,Isle Royale
IR7A-CPX-3,2.27,1.99,0.05,0.02,0.64,0,0.52,0.71,0,0.03,0.01,3.97,57.8,Isle Royale
IR7A-CPX-4,2.27,1.99,0.05,0.03,0.66,0,0.49,0.7,0,0.03,0.02,3.97,58.9,Isle Royale
IR7A-CPX-5,2.25,1.98,0.06,0.02,0.71,0,0.42,0.74,0,0.03,0.01,3.97,63.8,Isle Royale
IR7A-CPX-6,2.26,2,0.04,0.03,0.69,0,0.48,0.7,0,0.02,0,3.96,59.5,Isle Royale
IR7A-CPX-7,2.26,2.01,0.05,0.02,0.69,0,0.44,0.71,0,0.03,0.02,3.95,61.5,Isle Royale
IR7A-CPX-8,2.26,1.98,0.08,0.03,0.7,0,0.42,0.71,0,0.03,0.01,3.97,62.8,Isle Royale
IR7A-CPX-9,2.23,1.98,0.07,0.02,0.73,0,0.31,0.82,0,0.03,0.01,3.97,72.5,Isle Royale
Average,2.26,1.99,0.06,0.02,0.7,0,0.44,0.72,0,0.03,0.01,3.96,62,Isle Royale
IR7B-CPX-1,2.23,1.99,0.06,0.02,0.66,0,0.39,0.82,0,0.03,0,3.97,67.8,Isle Royale
IR7B-CPX-2,2.2,1.99,0.08,0.01,0.74,0,0.25,0.87,0,0.02,0,3.96,77.9,Isle Royale
IR7B-CPX-3,2.19,1.98,0.09,0.02,0.73,0.01,0.23,0.86,0,0.02,0,3.95,79.1,Isle Royale
IR7B-CPX-4,2.22,1.99,0.07,0.02,0.68,0,0.34,0.85,0,0.03,0,3.96,71.5,Isle Royale
IR7B-CPX-5,2.22,1.96,0.08,0.01,0.73,0,0.31,0.85,0,0.03,0.01,3.98,73.4,Isle Royale
IR7B-CPX-6,2.21,1.97,0.08,0.02,0.69,0,0.31,0.87,0,0.03,0,3.97,73.7,Isle Royale
IR7B-CPX-7,2.22,1.98,0.07,0.01,0.7,0,0.32,0.85,0,0.03,0.01,3.96,72.8,Isle Royale
IR7B-CPX-8,2.2,2,0.06,0.02,0.72,0,0.26,0.89,0,0.02,0.01,3.97,77.1,Isle Royale
Average,2.21,1.98,0.07,0.02,0.7,0,0.3,0.86,0,0.02,0,3.96,74.2,Isle Royale
IR7C-CPX-1,2.35,1.95,0.03,0,0.75,0,0.67,0.58,0,0.02,0.02,4.02,46.3,Isle Royale
IR7C-CPX-2,2.36,1.94,0.04,0.02,0.73,0,0.68,0.57,0,0.03,0.02,4.02,45.3,Isle Royale
IR7C-CPX-3,2.33,1.93,0.04,0.03,0.73,0,0.6,0.65,0,0.03,0.02,4.03,52.1,Isle Royale
IR7C-CPX-4,2.39,1.94,0.03,0.03,0.75,0,0.78,0.45,0,0.03,0.02,4.03,36.6,Isle Royale
IR7C-CPX-5,2.41,1.92,0.04,0.02,0.78,0,0.82,0.42,0,0.02,0.02,4.05,33.6,Isle Royale
IR7C-CPX-6,2.42,1.93,0.04,0.02,0.77,0,0.85,0.38,0,0.03,0.02,4.03,30.5,Isle Royale
IR7C-CPX-7,2.41,1.94,0.04,0.02,0.76,0,0.84,0.38,0,0.03,0.02,4.02,31.5,Isle Royale
IR7C-CPX-8,2.31,1.92,0.06,0.03,0.69,0,0.57,0.73,0,0.02,0.02,4.04,56.2,Isle Royale
IR7C-CPX-9,2.34,1.95,0.05,0,0.71,0,0.66,0.6,0,0.02,0.02,4.01,47.7,Isle Royale
IR7C-CPX-10,2.36,1.93,0.05,0.02,0.74,0,0.69,0.57,0,0.02,0.02,4.03,45.2,Isle Royale
IR7C-CPX-11,2.39,1.92,0.03,0,0.78,0,0.75,0.51,0,0.02,0.02,4.04,40.7,Isle Royale
IR7C-CPX-12,2.38,1.93,0.04,0.02,0.78,0,0.72,0.5,0,0.03,0.01,4.03,40.9,Isle Royale
IR7C-CPX-13,2.34,1.94,0.04,0.02,0.71,0,0.65,0.63,0,0.02,0.01,4.03,49.5,Isle Royale
Average,2.37,1.93,0.04,0.02,0.75,0,0.71,0.54,0,0.02,0.02,4.03,42.8,Isle Royale
IR12-CPX-1,2.22,1.97,0.09,0.02,0.7,0,0.31,0.83,0,0.04,0.01,3.96,72.7,Isle Royale
IR12-CPX-2,2.2,2.02,0.05,0.02,0.69,0,0.28,0.88,0,0.02,0,3.95,76,Isle Royale
IR12-CPX-3,2.23,1.97,0.08,0.03,0.69,0,0.35,0.8,0,0.04,0,3.96,69.9,Isle Royale
IR12-CPX-4,2.22,2.01,0.04,0.01,0.54,0,0.4,0.92,0,0.02,0.01,3.96,69.5,Isle Royale
IR12-CPX-5,2.22,2,0.04,0,0.51,0,0.44,0.95,0,0.02,0.01,3.96,68.6,Isle Royale
IR12-CPX-6,2.23,1.98,0.08,0.03,0.67,0,0.38,0.81,0,0.03,0,3.96,67.9,Isle Royale
IR12-CPX-7,2.21,2,0.06,0.02,0.66,0,0.33,0.87,0,0.02,0.01,3.96,72.8,Isle Royale
Average,2.22,1.99,0.06,0.02,0.64,0,0.35,0.86,0,0.03,0.01,3.96,71,Isle Royale
IR15-CPX-1,2.22,1.98,0.07,0.02,0.71,0,0.3,0.85,0,0.02,0.01,3.97,74.1,Isle Royale
IR15-CPX-2,2.19,1.97,0.1,0.02,0.7,0.02,0.23,0.89,0,0.02,0,3.96,79.2,Isle Royale
IR15-CPX-3,2.23,2,0.06,0.02,0.67,0,0.37,0.81,0,0.03,0.01,3.96,68.8,Isle Royale
IR15-CPX-4,2.22,1.98,0.08,0.02,0.68,0,0.34,0.84,0,0.03,0,3.97,71.4,Isle Royale
IR15-CPX-5,2.23,1.98,0.07,0.03,0.67,0,0.35,0.83,0,0.03,0.01,3.97,70.5,Isle Royale
IR15-CPX-6,2.23,1.97,0.07,0.03,0.7,0,0.35,0.82,0,0.03,0.01,3.98,70.4,Isle Royale
IR15-CPX-7,2.2,2,0.06,0.02,0.73,0,0.26,0.88,0,0.02,0,3.96,77.4,Isle Royale
IR15-CPX-8,2.21,1.98,0.08,0.02,0.72,0,0.27,0.87,0,0.02,0.01,3.97,76.3,Isle Royale
IR15-CPX-9,2.2,1.97,0.1,0.02,0.74,0.02,0.22,0.88,0,0.02,0,3.97,79.8,Isle Royale
IR15-CPX-10,2.23,1.97,0.07,0.03,0.67,0,0.35,0.84,0,0.03,0.01,3.98,70.3,Isle Royale
Average,2.22,1.98,0.08,0.02,0.7,0,0.3,0.85,0,0.02,0.01,3.97,73.8,Isle Royale
IR16-CPX-1,2.25,2,0.07,0.02,0.73,0,0.41,0.69,0,0.03,0,3.95,62.9,Isle Royale
IR16-CPX-2,2.25,2.05,0.07,0.02,0.75,0,0.43,0.57,0,0.02,0.01,3.91,56.9,Isle Royale
IR16-CPX-3,2.24,1.98,0.07,0.02,0.72,0,0.35,0.77,0,0.03,0.01,3.96,68.4,Isle Royale
IR16-CPX-4,2.25,2,0.06,0.01,0.69,0,0.42,0.74,0,0.02,0.01,3.96,63.6,Isle Royale
IR16-CPX-5,2.26,2,0.06,0.02,0.69,0,0.44,0.71,0,0.03,0.01,3.95,61.7,Isle Royale
IR16-CPX-6,2.27,1.99,0.05,0.02,0.69,0,0.47,0.71,0,0.02,0.01,3.97,60.4,Isle Royale
Average,2.25,2,0.07,0.02,0.71,0,0.42,0.7,0,0.02,0.01,3.95,62.3,Isle Royale
IR17-CPX-1,2.38,1.93,0.04,0.02,0.73,0,0.75,0.52,0,0.03,0.02,4.03,40.8,Isle Royale
IR17-CPX-2,2.39,1.94,0.04,0.02,0.76,0,0.76,0.46,0,0.02,0.02,4.03,37.6,Isle Royale
IR17-CPX-3,2.37,1.95,0.03,0.02,0.74,0,0.74,0.5,0,0.02,0.02,4.02,40.5,Isle Royale
IR17-CPX-4,2.34,1.93,0.04,0.02,0.72,0,0.66,0.64,0,0.02,0.01,4.04,49.4,Isle Royale
IR17-CPX-5,2.38,1.94,0.04,0.02,0.75,0,0.77,0.46,0,0.02,0.02,4.02,37.5,Isle Royale
IR17-CPX-6,2.39,1.94,0.03,0,0.76,0,0.79,0.45,0,0.02,0.01,4.02,36.3,Isle Royale
IR17-CPX-7,2.39,1.94,0.03,0,0.76,0,0.79,0.47,0,0.02,0.01,4.02,37.3,Isle Royale
IR17-CPX-8,2.4,1.95,0.04,0.02,0.78,0,0.82,0.38,0,0.02,0.02,4.02,31.4,Isle Royale
IR17-CPX-9,2.39,1.93,0.03,0.02,0.78,0,0.77,0.46,0,0.02,0.02,4.04,37.1,Isle Royale
IR17-CPX-10,2.41,1.93,0.03,0.03,0.76,0,0.82,0.43,0,0.02,0.02,4.05,34.3,Isle Royale
IR17-CPX-11,2.41,1.95,0.04,0.02,0.74,0,0.85,0.39,0,0.02,0.02,4.03,31.3,Isle Royale
IR17-CPX-12,2.39,1.94,0.04,0.02,0.76,0,0.79,0.46,0,0.02,0.01,4.03,37.1,Isle Royale
Average,2.39,1.94,0.04,0.02,0.75,0,0.78,0.47,0,0.02,0.02,4.03,37.5,Isle Royale
IR19A-CPX-1,2.27,2,0.05,0.02,0.69,0,0.49,0.67,0,0.03,0.01,3.96,57.4,Isle Royale
IR19A-CPX-2,2.29,2,0.04,0.02,0.7,0,0.53,0.63,0,0.02,0.02,3.96,54.5,Isle Royale
IR19A-CPX-3,2.28,2,0.04,0.02,0.7,0,0.52,0.63,0,0.02,0.01,3.96,55,Isle Royale
IR19A-CPX-4,2.28,2,0.04,0.02,0.7,0,0.52,0.63,0,0.02,0.01,3.96,55,Isle Royale
IR19A-CPX-5,2.3,2.01,0.03,0.02,0.69,0,0.59,0.59,0,0.02,0.01,3.96,50.1,Isle Royale
IR19A-CPX-6,2.29,2,0.04,0.02,0.7,0,0.52,0.64,0,0.02,0.02,3.96,55,Isle Royale
IR19A-CPX-7,2.28,2,0.05,0.02,0.71,0,0.5,0.63,0,0.03,0.01,3.96,55.5,Isle Royale
IR19A-CPX-8,2.3,2.01,0.04,0.02,0.7,0,0.56,0.59,0,0.02,0.01,3.96,51.3,Isle Royale
IR19A-CPX-9,2.28,2,0.05,0.02,0.69,0,0.52,0.65,0,0.03,0.01,3.96,55.6,Isle Royale
Average,2.29,2,0.04,0.02,0.7,0,0.53,0.63,0,0.02,0.01,3.96,54.4,Isle Royale
IR19B-CPX-1,2.2,1.99,0.08,0,0.72,0,0.27,0.87,0,0.03,0.01,3.95,76.3,Isle Royale
IR19B-CPX-2,2.21,1.99,0.07,0.01,0.69,0,0.31,0.85,0,0.03,0,3.96,73.1,Isle Royale
IR19B-CPX-3,2.2,1.99,0.06,0.02,0.72,0.01,0.25,0.9,0,0.01,0,3.97,78.4,Isle Royale
IR19B-CPX-4,2.22,1.98,0.07,0.02,0.62,0,0.37,0.87,0,0.03,0,3.97,70,Isle Royale
IR19B-CPX-5,2.22,1.98,0.08,0.02,0.65,0,0.34,0.85,0,0.03,0.01,3.96,71.3,Isle Royale
IR19B-CPX-6,2.23,2,0.05,0.02,0.65,0,0.38,0.83,0,0.02,0.01,3.97,68.4,Isle Royale
IR19B-CPX-7,2.2,2,0.06,0.02,0.72,0,0.27,0.87,0,0.02,0,3.96,76.1,Isle Royale
IR19B-CPX-8,2.21,2,0.06,0.01,0.65,0,0.32,0.9,0,0.02,0,3.96,73.5,Isle Royale
IR19B-CPX-9,2.2,1.98,0.08,0.02,0.7,0.01,0.26,0.88,0,0.02,0.01,3.97,77.3,Isle Royale
IR19B-CPX-10,2.2,1.98,0.08,0.02,0.71,0,0.27,0.88,0,0.03,0,3.96,76.2,Isle Royale
IR19B-CPX-11,2.22,1.99,0.06,0.02,0.59,0,0.39,0.87,0,0.03,0.01,3.96,68.8,Isle Royale
Average,2.21,1.99,0.07,0.02,0.67,0,0.31,0.87,0,0.02,0,3.96,73.6,Isle Royale
IR20-CPX-1,2.2,1.97,0.1,0.02,0.7,0.02,0.25,0.89,0,0.02,0.01,3.96,78.2,Isle Royale
IR20-CPX-2,2.2,1.97,0.09,0.02,0.74,0.01,0.24,0.87,0,0.02,0.01,3.97,78.4,Isle Royale
IR20-CPX-3,2.23,1.97,0.08,0.03,0.7,0,0.32,0.84,0,0.03,0.01,3.98,72.1,Isle Royale
IR20-CPX-4,2.2,1.99,0.09,0.02,0.7,0.01,0.25,0.88,0,0.02,0,3.95,77.8,Isle Royale
IR20-CPX-5,2.23,1.97,0.08,0.02,0.62,0,0.38,0.87,0,0.03,0.01,3.98,69.5,Isle Royale
IR20-CPX-6,2.2,1.96,0.1,0.02,0.71,0.01,0.23,0.89,0,0.02,0.01,3.97,79.3,Isle Royale
IR20-CPX-7,2.21,1.98,0.08,0.02,0.67,0,0.31,0.87,0,0.02,0.01,3.97,73.9,Isle Royale
IR20-CPX-8,2.2,1.98,0.09,0.02,0.74,0,0.25,0.87,0,0.02,0.01,3.97,77.6,Isle Royale
IR20-CPX-9,2.2,1.99,0.07,0.01,0.75,0,0.23,0.88,0,0.02,0,3.96,79.3,Isle Royale
IR20-CPX-10,2.22,1.99,0.07,0.03,0.69,0,0.31,0.86,0,0.03,0.01,3.97,73.6,Isle Royale
Average,2.21,1.98,0.08,0.02,0.7,0,0.28,0.87,0,0.02,0.01,3.97,76,Isle Royale
IR22-CPX-1,2.22,1.99,0.05,0.02,0.65,0,0.34,0.89,0,0.02,0.01,3.97,72.1,Isle Royale
IR22-CPX-2,2.21,1.97,0.08,0.03,0.69,0,0.31,0.85,0,0.04,0,3.96,73.6,Isle Royale
IR22-CPX-3,2.21,1.98,0.09,0.02,0.74,0.01,0.25,0.85,0,0.02,0.01,3.96,77.2,Isle Royale
IR22-CPX-4,2.23,1.98,0.07,0.02,0.61,0,0.4,0.86,0,0.03,0.01,3.97,68.3,Isle Royale
IR22-CPX-5,2.25,1.96,0.06,0.02,0.66,0,0.43,0.84,0,0.02,0.01,3.99,66.3,Isle Royale
IR22-CPX-6,2.2,1.99,0.07,0.01,0.74,0.02,0.21,0.9,0,0.02,0.01,3.96,80.7,Isle Royale
IR22-CPX-7,2.2,1.97,0.09,0.02,0.75,0.02,0.21,0.87,0,0.02,0.01,3.97,80.9,Isle Royale
IR22-CPX-8,2.23,1.99,0.07,0.02,0.64,0,0.37,0.85,0,0.02,0.01,3.97,69.9,Isle Royale
IR22-CPX-9,2.23,1.99,0.07,0.01,0.68,0,0.36,0.82,0,0.03,0,3.96,69.7,Isle Royale
Average,2.22,1.98,0.07,0.02,0.68,0,0.32,0.86,0,0.02,0.01,3.97,73.2,Isle Royale
IR23-CPX-1,2.28,1.88,0.08,0.03,0.73,0,0.44,0.85,0,0.04,0.01,4.05,66.2,Isle Royale
IR23-CPX-2,2.28,1.93,0.05,0.02,0.71,0,0.49,0.81,0,0.02,0,4.03,62.6,Isle Royale
IR23-CPX-3,2.29,1.92,0.06,0.02,0.75,0,0.46,0.79,0,0.02,0.02,4.04,63.2,Isle Royale
IR23-CPX-4,2.29,1.92,0.05,0.02,0.77,0,0.45,0.82,0,0.02,0.01,4.05,64.3,Isle Royale
IR23-CPX-5,2.3,1.88,0.08,0.02,0.82,0,0.46,0.78,0,0.03,0,4.06,63.1,Isle Royale
IR23-CPX-6,2.28,1.93,0.09,0.03,0.68,0,0.47,0.78,0,0.02,0.02,4.02,62.5,Isle Royale
IR23-CPX-7,2.26,1.92,0.14,0.04,0.76,0,0.4,0.73,0,0.02,0.01,4.01,64.7,Isle Royale
IR23-CPX-8,2.23,1.87,0.36,0.12,0.71,0,0.32,0.6,0,0.02,0,3.99,65.3,Isle Royale
IR23-CPX-9,2.29,1.96,0.09,0.03,0.8,0,0.47,0.63,0,0.02,0,3.99,57,Isle Royale
IR23-CPX-10,2.27,1.92,0.07,0.03,0.72,0,0.49,0.76,0,0.03,0.01,4.03,60.8,Isle Royale
Average,2.28,1.91,0.11,0.04,0.74,0,0.44,0.75,0,0.02,0.01,4.03,63,Isle Royale
IR26A-CPX-1,2.26,2.02,0.07,0.02,0.73,0,0.45,0.62,0,0.02,0.01,3.94,58,Isle Royale
IR26A-CPX-2,2.26,2,0.09,0.02,0.72,0,0.46,0.6,0,0.03,0,3.93,56.6,Isle Royale
IR26A-CPX-3,2.26,2.01,0.06,0.03,0.7,0,0.44,0.67,0,0.03,0.01,3.94,60,Isle Royale
IR26A-CPX-4,2.25,1.99,0.06,0.02,0.7,0,0.4,0.76,0,0.02,0.01,3.96,65.3,Isle Royale
IR26A-CPX-5,2.26,2.02,0.08,0.02,0.72,0,0.46,0.59,0,0.03,0.01,3.93,56.2,Isle Royale
IR26A-CPX-6,2.27,2.01,0.07,0.01,0.73,0,0.47,0.6,0,0.03,0.01,3.93,56.5,Isle Royale
IR26A-CPX-7,2.26,1.97,0.08,0.03,0.72,0,0.42,0.71,0,0.03,0.01,3.97,63,Isle Royale
IR26A-CPX-8,2.26,2.01,0.08,0.03,0.73,0,0.44,0.61,0,0.03,0.01,3.94,58,Isle Royale
IR26A-CPX-9,2.26,2.01,0.08,0.02,0.73,0,0.46,0.6,0,0.03,0.01,3.93,56.9,Isle Royale
IR26A-CPX-10,2.26,2,0.08,0.02,0.71,0,0.44,0.67,0,0.02,0,3.95,60.3,Isle Royale
IR26A-CPX-11,2.26,2.02,0.07,0.02,0.71,0,0.48,0.6,0,0.03,0,3.93,55.6,Isle Royale
Average,2.26,2.01,0.07,0.02,0.72,0,0.45,0.64,0,0.03,0.01,3.94,58.8,Isle Royale
IR26B-CPX-1,2.2,1.98,0.09,0.02,0.76,0.01,0.22,0.88,0,0.02,0,3.97,80.2,Isle Royale
IR26B-CPX-2,2.22,1.98,0.07,0.02,0.69,0,0.33,0.84,0,0.03,0.01,3.97,71.9,Isle Royale
IR26B-CPX-3,2.22,1.97,0.08,0.02,0.68,0,0.32,0.85,0,0.03,0.01,3.98,72.4,Isle Royale
IR26B-CPX-4,2.25,1.98,0.06,0.02,0.64,0,0.42,0.82,0,0.03,0.01,3.97,66.3,Isle Royale
IR26B-CPX-5,2.2,1.99,0.06,0.02,0.74,0.01,0.23,0.89,0,0.01,0,3.96,79.2,Isle Royale
IR26B-CPX-6,2.21,2,0.06,0.02,0.7,0,0.28,0.86,0,0.02,0.01,3.96,75.3,Isle Royale
IR26B-CPX-7,2.19,2,0.06,0,0.75,0,0.23,0.88,0,0.02,0.01,3.95,79.4,Isle Royale
IR26B-CPX-8,2.2,1.99,0.06,0.02,0.73,0,0.24,0.89,0,0.02,0.01,3.96,79.1,Isle Royale
IR26B-CPX-9,2.19,2.01,0.06,0,0.73,0.01,0.21,0.9,0,0.02,0,3.94,80.8,Isle Royale
Average,2.21,1.99,0.07,0.02,0.71,0,0.28,0.87,0,0.02,0.01,3.96,76.1,Isle Royale
IR27-CPX-1,2.22,1.97,0.08,0.02,0.66,0,0.33,0.87,0,0.03,0.01,3.97,72.8,Isle Royale
IR27-CPX-2,2.22,1.97,0.08,0.02,0.64,0,0.36,0.85,0,0.04,0.01,3.96,70.4,Isle Royale
IR27-CPX-3,2.23,1.98,0.07,0.03,0.68,0,0.37,0.81,0,0.03,0,3.96,68.8,Isle Royale
IR27-CPX-4,2.23,1.96,0.08,0.03,0.65,0.01,0.36,0.85,0,0.03,0.01,3.97,70.4,Isle Royale
IR27-CPX-5,2.2,1.96,0.1,0.02,0.73,0.02,0.23,0.87,0,0.03,0.01,3.97,78.8,Isle Royale
IR27-CPX-6,2.19,1.98,0.09,0,0.71,0.01,0.25,0.9,0,0.02,0,3.95,78.4,Isle Royale
IR27-CPX-7,2.2,1.98,0.09,0.02,0.73,0,0.25,0.88,0,0.02,0,3.97,77.9,Isle Royale
IR27-CPX-8,2.21,1.98,0.08,0.02,0.61,0,0.34,0.9,0,0.03,0.01,3.97,72.4,Isle Royale
Average,2.21,1.97,0.08,0.02,0.68,0,0.31,0.87,0,0.03,0.01,3.96,73.7,Isle Royale