Sample,Na2O,CaO,Al2O3,Cr2O3,FeO,MgO,K2O,SiO2,TiO2,MnO,Total,Location
SBI10-CPX-1,0.3,16.06,1.2,0,16.96,11.83,0,52.65,0.67,0.32,100,SBBC
SBI10-CPX-2,0.27,17.99,1.07,0,12.19,13.62,0,53.57,0.93,0.35,100,SBBC
SBI10-CPX-3,0.27,17.47,0.95,0,15.28,11.49,0,53.37,0.71,0.45,100,SBBC
SBI10-CPX-4,0.24,16.92,1.38,0,14.86,12.64,0,52.61,0.9,0.44,100,SBBC
SBI10-CPX-5,0.33,17.11,1.75,0,12.99,13.39,0,52.94,1.14,0.35,100,SBBC
SBI10-CPX-6,0.38,17.98,2.13,0,10.83,14.13,0,53.05,1.09,0.42,100,SBBC
SBI10-CPX-7,0.22,17.54,1.24,0,14.21,12.39,0,53.08,0.95,0.37,100,SBBC
SBI10-CPX-8,0.33,17.19,0.87,0,14.88,12.25,0,53.34,0.84,0.29,100,SBBC
SBI10-CPX-9,0.32,17.8,1.97,0,11.86,13.55,0,52.68,1.4,0.42,100,SBBC
SBI10-CPX-10,0.37,17.91,1.71,0,12.27,13.39,0,52.58,1.39,0.38,100,SBBC
SBI10-CPX-11,0.32,17.23,1.4,0,14.03,12.97,0,52.6,0.93,0.51,100,SBBC
SBI10-CPX-12,0.36,17.43,1.26,0,12.55,13.59,0,53.49,0.93,0.39,100,SBBC
Average,0.31,17.39,1.41,0,13.58,12.94,0,53,0.99,0.39,100,SBBC
SBI11-CPX-1,0.34,16.61,1.07,0,16.7,11.12,0,53,0.69,0.46,100,SBBC
SBI11-CPX-2,0.19,16.77,1.01,0,16.1,11.67,0,53.06,0.79,0.41,100,SBBC
SBI11-CPX-3,0.24,16.57,1.01,0,16.74,11.37,0,53.06,0.59,0.42,100,SBBC
SBI11-CPX-4,0.24,17.16,1.45,0,12.46,14,0,53.31,1.01,0.37,100,SBBC
SBI11-CPX-5,0.28,16.68,1.21,0,15.26,12.41,0,52.82,0.93,0.4,100,SBBC
SBI11-CPX-6,0.2,16.46,1.16,0,15.64,11.98,0,53.25,0.75,0.56,100,SBBC
SBI11-CPX-7,0,16.06,1.11,0,16.14,12.49,0,53.08,0.69,0.43,100,SBBC
SBI11-CPX-8,0.34,16.63,1.02,0,15.2,12.47,0,53.51,0.83,0,100,SBBC
SBI11-CPX-9,0.21,16.84,0.97,0,15.83,12.05,0,52.97,0.63,0.5,100,SBBC
SBI11-CPX-10,0.28,16.66,1.12,0,14.18,13.06,0,53.29,0.77,0.65,100,SBBC
Average,0.23,16.64,1.11,0,15.43,12.26,0,53.14,0.77,0.42,100,SBBC
SBI12-CPX-1,0.24,18.2,0.68,0,22.49,5.92,0,51.46,0.54,0.46,100,SBBC
SBI12-CPX-2,0.24,18.26,0.84,0,21.86,5.99,0,51.49,0.87,0.47,100,SBBC
SBI12-CPX-3,0.3,18.24,0.51,0,23.31,5.07,0,51.4,0.53,0.62,100,SBBC
SBI12-CPX-4,0.25,18.82,0.32,0,23.82,4.61,0,51.77,0,0.42,100,SBBC
SBI12-CPX-5,0.23,17.92,0.81,0,21.35,6.87,0,51.76,0.57,0.5,100,SBBC
SBI12-CPX-6,0.3,17.72,0.63,0,21.96,6.74,0,51.16,0.66,0.83,100,SBBC
SBI12-CPX-7,0.2,18.21,0.45,0,23.26,5.08,0,51.69,0.52,0.58,100,SBBC
SBI12-CPX-8,0.35,18.14,0.66,0,22.7,5.63,0,51.5,0.67,0.35,100,SBBC
SBI12-CPX-9,0.45,18.2,0.61,0,23.14,5.1,0,51.18,0.62,0.7,100,SBBC
SBI12-CPX-10,0.22,18.32,0.6,0,23.03,5.18,0,51.32,0.6,0.73,100,SBBC
SBI12-CPX-11,0.29,18.21,0.36,0,24.19,4.66,0,51.54,0.36,0.39,100,SBBC
Average,0.28,18.2,0.59,0,22.83,5.53,0,51.48,0.54,0.55,100,SBBC
SBI13-CPX-1,0.27,17.72,0.98,0,18.07,9.44,0,52.48,0.66,0.38,100,SBBC
SBI13-CPX-2,0.23,17.6,1.13,0,17.66,9.95,0,52.38,0.65,0.41,100,SBBC
SBI13-CPX-3,0.24,17.16,0.9,0,19.68,8.73,0,52.13,0.77,0.38,100,SBBC
SBI13-CPX-4,0.25,17.71,0.91,0,17.27,9.8,0,52.85,0.79,0.42,100,SBBC
SBI13-CPX-5,0,17.51,0.69,0,20.25,8.11,0,52.23,0.53,0.67,100,SBBC
SBI13-CPX-6,0.24,17.66,0.88,0,16.78,10.64,0,52.67,0.75,0.37,100,SBBC
SBI13-CPX-7,0.27,16.08,0.89,0,19.12,9.95,0,52.49,0.77,0.43,100,SBBC
SBI13-CPX-8,0,17.38,0.77,0,21.25,7.65,0,51.83,0.64,0.48,100,SBBC
SBI13-CPX-9,0.21,17.08,0.69,0,20.24,8.58,0,51.89,0.86,0.46,100,SBBC
SBI13-CPX-10,0,17.14,0.89,0,19.32,9.08,0,52.49,0.75,0.34,100,SBBC
SBI13-CPX-11,0,17.26,0.93,0,18.8,9.11,0,52.87,0.71,0.32,100,SBBC
SBI13-CPX-12,0.35,17.07,1.05,0,18.63,9.52,0,52.05,0.65,0.67,100,SBBC
Average,0.17,17.28,0.89,0,18.92,9.21,0,52.36,0.71,0.44,100,SBBC
SBI14-CPX-1,0.29,17.88,0.87,0,16.21,10.66,0,53.02,0.75,0.31,100,SBBC
SBI14-CPX-2,0.18,18.07,1.08,0,15.06,11.41,0,52.96,0.78,0.46,100,SBBC
SBI14-CPX-3,0.26,18.18,1.04,0,15.18,11.2,0,52.93,0.71,0.5,100,SBBC
SBI14-CPX-4,0.26,18.18,1.04,0,15.18,11.2,0,52.93,0.71,0.5,100,SBBC
SBI14-CPX-5,0.24,18.74,0.97,0,14.43,11.28,0,53.14,0.84,0.36,100,SBBC
SBI14-CPX-6,0,18.56,0.94,0,15.1,11.32,0,52.96,0.82,0.31,100,SBBC
SBI14-CPX-7,0.22,17.07,0.98,0,15.88,11.36,0,53.29,0.8,0.4,100,SBBC
SBI14-CPX-8,0.34,16.9,1.01,0,16.53,11.18,0,52.71,0.9,0.42,100,SBBC
SBI14-CPX-9,0.18,15.59,1,0,18.38,10.98,0,52.88,0.66,0.34,100,SBBC
Average,0.22,17.69,0.99,0,15.77,11.18,0,52.98,0.77,0.4,100,SBBC
SBI15-CPX-1,0.21,16.88,0.97,0,15.45,12.42,0,53.72,0.34,0,100,SBBC
SBI15-CPX-2,0.28,17.69,1.27,0,14.65,12,0,53.13,0.7,0.29,100,SBBC
SBI15-CPX-3,0,18.45,1.36,0,13.85,12.02,0,53.57,0.75,0,100,SBBC
SBI15-CPX-4,0.25,18.75,1.55,0,13.21,12.34,0,52.97,0.92,0,100,SBBC
SBI15-CPX-5,0.32,15.64,1.34,0,15.76,13.07,0,52.85,0.77,0.26,100,SBBC
SBI15-CPX-6,0.22,16.98,1.32,0,14.68,13.37,0,52.62,0.8,0,100,SBBC
SBI15-CPX-7,0.21,17.97,1.72,0,12.71,13.24,0,52.76,0.98,0.42,100,SBBC
Average,0.21,17.48,1.36,0,14.33,12.64,0,53.09,0.75,0.14,100,SBBC
SBI16-CPX-1,0.25,18.41,1.6,0,12.65,13.29,0,52.66,0.82,0.32,100,SBBC
SBI16-CPX-2,0.19,18.15,1.39,0,13.59,12.39,0,53.18,0.81,0.29,100,SBBC
SBI16-CPX-3,0.19,18,1.34,0,13.42,12.54,0,53.36,0.84,0.32,100,SBBC
SBI16-CPX-4,0.26,17.72,1.17,0,13.82,12.47,0,53.43,0.75,0.39,100,SBBC
SBI16-CPX-5,0,16.48,1.34,0,14.17,13.77,0,53.01,0.92,0.31,100,SBBC
SBI16-CPX-6,0.17,17.74,1.22,0,13.9,12.56,0,53.14,0.86,0.4,100,SBBC
Average,0.18,17.75,1.34,0,13.59,12.84,0,53.13,0.83,0.34,100,SBBC
B364-CPX-1,0.35,20.1,1.68,0.1,7.7,16.1,0.03,51,0.74,0.21,98,SBBC
B364-CPX-2,0.32,20,2.21,0.31,7.2,16.2,0.04,50,0.91,0.17,97.4,SBBC
B364-CPX-3,0.29,19.7,1.85,0.36,6.9,16.7,0.04,51.9,0.74,0.15,98.6,SBBC
B364-CPX-4,0.33,19,2.54,0.14,8,16.2,0.04,49.6,1.39,0.18,97.4,SBBC
B364-CPX-5,0.31,18.2,2.32,0.05,8.9,16.6,0.04,49.8,1.28,0.22,97.7,SBBC
Average,0.32,19.4,2.12,0.19,7.74,16.36,0.04,50.46,1.01,0.19,97.8,SBBC
D126-CPX-1,0.42,19,2.67,0.28,7.8,16.6,0.08,51.4,0.98,0.24,99.5,SBBC
D126-CPX-2,0.46,19.4,2.54,0.15,7.8,16.4,0.06,51.2,1.23,0.25,99.5,SBBC
D126-CPX-3,0.47,19.5,2.11,0.13,7.6,16.7,0.07,50.4,0.05,0.22,97.3,SBBC
Average,0.45,19.3,2.44,0.19,7.73,16.57,0.07,51,0.75,0.24,98.7,SBBC
E161-CPX-1,0.39,19.4,2.74,0.41,7.2,17,0.04,48.9,0.86,0.19,97.1,SBBC
E161-CPX-2,0.37,19.8,1.74,0.29,6.8,17.5,0.06,51.5,0.54,0.21,98.8,SBBC
E161-CPX-3,0.4,19.9,2,0.13,7.6,16.7,0.05,50.6,1.11,0.23,98.7,SBBC
Average,0.39,19.7,2.16,0.28,7.2,17.07,0.05,50.33,0.84,0.21,98.2,SBBC
D314-CPX-1,0.42,19.4,2.45,0.05,9.4,15.7,0.04,49.8,1.27,0.24,98.8,SBBC
D314-CPX-2,0.43,19.4,2.34,0.06,9.5,15.7,0.05,49.5,1.17,0.24,98.4,SBBC
D314-CPX-3,0.43,19.7,2.56,0.14,8.7,15.6,0.04,50,0.97,0.26,98.4,SBBC
D314-CPX-4,0.41,18.2,1.98,0,10.8,15.8,0.05,51.2,0.88,0.31,99.6,SBBC
D314-CPX-5,0.41,19.6,2.38,0.1,9.3,15.7,0.05,50.6,1.15,0.25,99.5,SBBC
Average,0.42,19.26,2.34,0.07,9.54,15.7,0.05,50.22,1.09,0.26,98.9,SBBC
D246-CPX-1,0.46,20.2,2.31,0,8.8,15.1,0.07,51.2,0.78,0.28,99.2,SBBC
D246-CPX-2,0.43,20,2.03,0.21,7.8,16.1,0.05,51.1,0.7,0.22,98.6,SBBC
D246-CPX-3,0.44,18.2,2.34,0.03,10.1,16.1,0.05,49.7,1.14,0.3,98.4,SBBC
D246-CPX-4,0.41,20,2.21,0.34,7.7,16,0.04,51.7,0.69,0.24,99.3,SBBC
D246-CPX-5,0.43,18.3,1.81,0.04,9.8,16.8,0.05,50.6,0.73,0.3,98.9,SBBC
D246-CPX-6,0.42,18.6,2.35,0,9.7,15.7,0.05,49.8,1.29,0.3,98.2,SBBC
D246-CPX-7,0.45,19,2.06,0.03,9.4,15.7,0.05,51,1.07,0.32,99.1,SBBC
Average,0.43,19.19,2.16,0.09,9.04,15.93,0.05,50.73,0.91,0.28,98.8,SBBC
B326-CPX-1,0.42,18,2.13,0.07,11.2,15.7,0.06,50.9,1.08,0.29,99.9,SBBC
B326-CPX-2,0.44,18.3,2.65,0.36,9.2,16.1,0.06,50.6,0.86,0.23,98.8,SBBC
B326-CPX-3,0.48,17.5,2,0.02,12.5,14.9,0.06,50.6,1.1,0.31,99.5,SBBC
B326-CPX-4,0.44,18,2.31,0.05,12,14.7,0.06,49.7,1.31,0.29,98.9,SBBC
B326-CPX-5,0.43,17.2,2.09,0.08,12.3,15.2,0.06,50.7,1.24,0.18,99.5,SBBC
Average,0.44,17.8,2.24,0.12,11.44,15.32,0.06,50.5,1.12,0.26,99.3,SBBC
A376-CPX-1,0.3,18.5,3.24,0.51,9.4,14.8,0.04,48.8,1.14,0.25,97,SBBC
A376-CPX-2,0.36,18.7,3.4,0.7,9.6,14.8,0.02,49.2,1.11,0.24,98.1,SBBC
A376-CPX-3,0.34,15.6,2.34,0.03,14.5,14.3,0.04,49.5,1.33,0.41,98.4,SBBC
A376-CPX-4,0.3,19.1,3.06,0.56,8.9,14.7,0.04,48.9,1.06,0.22,96.8,SBBC
A376-CPX-5,0.31,19.1,3.66,0.91,8.7,14.1,0.04,48.3,1.17,0.23,96.5,SBBC
Average,0.32,18.2,3.14,0.54,10.22,14.54,0.04,48.94,1.16,0.27,97.4,SBBC
A290B-CPX-1,0.28,17.3,1.52,0.13,10.4,16.1,0.06,50.7,0.7,0.32,97.5,SBBC
A290B-CPX-2,0.31,20,2.53,0.25,9.6,15.5,0.04,50.3,1.02,0.15,99.7,SBBC
A290B-CPX-3,0.25,18.6,1.56,0.44,9.2,16.6,0.04,51.4,0.62,0.27,99,SBBC
Average,0.28,18.63,1.87,0.27,9.73,16.07,0.05,50.8,0.78,0.25,98.7,SBBC
E217-CPX-1,0.38,18.5,2.36,0,10.7,15.4,0.05,51.4,1.22,0.29,100.3,SBBC
E217-CPX-2,0.41,18.5,2.73,0.07,10.1,15.4,0.05,50,1.31,0.34,98.9,SBBC
E217-CPX-3,0.43,19.4,2.46,0.09,9.4,15.5,0.04,49.6,1.22,0.29,98.4,SBBC
E217-CPX-4,0.39,18.8,2.13,0.05,10.6,15.5,0.05,51.2,1.04,0.31,100.1,SBBC
Average,0.4,18.8,2.42,0.05,10.2,15.45,0.05,50.55,1.2,0.31,99.4,SBBC
E154-CPX-1,0.35,18.7,1.69,0.16,9.33,16.5,0.04,51.5,0.69,0.25,99.2,SBBC
E154-CPX-2,0.4,19,2.6,0.03,10.2,15.4,0.04,49.8,1.11,0.24,98.8,SBBC
E154-CPX-3,0.43,18.3,3.2,0,10.5,15.3,0.07,47.7,1.05,0.27,96.8,SBBC
E154-CPX-4,0.41,17.5,2.61,0,11.7,15.4,0.05,48.6,1.25,0.31,97.8,SBBC
E154-CPX-5,0.41,13,1.35,0,15.7,16.7,0.05,49.9,0.75,0.42,98.3,SBBC
E154-CPX-6,0.39,15.5,1.27,0,14,16,0.05,51,0.77,0.44,99.4,SBBC
Average,0.4,17,2.12,0.03,11.91,15.88,0.05,49.75,0.94,0.32,98.4,SBBC
B413B-CPX-1,0.4,19.5,1.87,0.16,106,14.9,0.06,50.4,0.78,0.24,194.3,SBBC
B413B-CPX-2,0.35,19,1.88,0.11,10.7,14.9,0.06,49.6,0.79,0.25,97.6,SBBC
B413B-CPX-3,0.34,18.9,2.01,0.03,12.1,14.2,0.05,50.1,0.97,0.31,99,SBBC
B413B-CPX-4,0.3,17.9,1.54,0,13.1,13.4,0.05,48.5,0.9,0.34,96,SBBC
B413B-CPX-5,0.31,16.9,1.67,0,13.4,13.2,0.05,47.5,0.89,0.39,94.3,SBBC
B413B-CPX-6,0.3,18.9,1.77,0.02,12.8,13.9,0.04,49.9,0.94,0.33,98.9,SBBC
Average,0.33,18.52,1.79,0.05,28.02,14.08,0.05,49.33,0.88,0.31,113.4,SBBC
C505D-CPX-1,0.29,19.1,2.19,0.19,11.5,14.3,0.05,49.7,0.96,0.26,98.5,SBBC
C505D-CPX-2,0.32,18.6,2.66,0.29,11,14.3,0.04,48.4,1.05,0.28,96.9,SBBC
C505D-CPX-3,0.34,19.6,2.56,0.38,10.3,14.3,0.05,49.6,1.05,0.23,98.4,SBBC
C505D-CPX-4,0.31,18.8,2.13,0.17,11.2,14.2,0.05,48.9,0.96,0.29,97,SBBC
C505D-CPX-5,0.46,18.8,1.98,0,13.2,13.4,0.05,50,1.01,0.35,99.3,SBBC
Average,0.34,18.98,2.3,0.21,11.44,14.1,0.05,49.32,1.01,0.28,98,SBBC
B319-CPX-1,0.29,18.9,1.7,0.01,13.3,13.7,0.03,50,0.95,0.36,99.2,SBBC
B319-CPX-2,0.34,19.8,2.76,0.6,9.9,14.8,0.02,50.4,0.88,0.25,99.8,SBBC
B319-CPX-3,0.45,18.9,3.24,1.02,10.9,14.9,0.07,50.1,1.13,0.31,101,SBBC
Average,0.36,19.2,2.57,0.54,11.37,14.47,0.04,50.17,0.99,0.31,100,SBBC
C179B-CPX-1,0.44,18.8,2.36,0.21,12,14.1,0.07,50.1,1.01,0.27,99.4,SBBC
C179B-CPX-2,0.4,18.2,1.59,0.1,11.9,15,0.06,51,0.74,0.28,99.3,SBBC
C179B-CPX-3,0.4,18.4,2.28,0.18,12.1,14.6,0.06,50.4,0.98,0.28,99.7,SBBC
C179B-CPX-4,0.43,18.9,1.8,0.08,12,14.3,0.06,50.3,0.88,0.3,99.1,SBBC
C179B-CPX-5,0.4,18.9,2.1,0.15,11.6,14.5,0.07,51.3,397,0.26,496.3,SBBC
C179B-CPX-6,0.42,18.7,2.16,0.17,11.8,14.3,0.06,51.3,0.99,0.25,100.2,SBBC
Average,0.42,18.65,2.05,0.15,11.9,14.47,0.06,50.73,66.93,0.27,165.6,SBBC
F261-CPX-1,0.4,18.5,2.3,0,12.3,14.3,0.06,50.6,1.01,0.34,99.8,SBBC
F261-CPX-2,0.4,18.6,1.92,0.03,12.5,14.4,0.02,49.9,0.89,0.38,99,SBBC
F261-CPX-3,0.36,16.6,1.99,0,15.1,13.9,0.05,49.6,0.91,0.43,98.9,SBBC
F261-CPX-4,0.41,19,2.21,0.04,11.9,14.3,0.05,50.1,0.98,0.34,99.3,SBBC
F261-CPX-5,0.34,17.2,1.68,0,14.8,13.8,0.05,50,1.07,0.42,99.4,SBBC
Average,0.38,17.98,2.02,0.01,13.32,14.14,0.05,50.04,0.97,0.38,99.3,SBBC
A386D-CPX-1,0.21,17.3,0.89,0.09,20.5,8.9,0.04,49.7,0.66,0.56,98.9,SBBC
A386D-CPX-2,0.59,19.8,1.14,0,16.4,10.3,0.05,51.2,0.64,0.63,100.8,SBBC
A386D-CPX-3,0.26,17.1,0.79,0,21,8.5,0.06,49.4,0.6,0.63,98.3,SBBC
A386D-CPX-4,0.92,18.7,1.5,0,16.1,9.5,0.07,49.6,0.92,0.66,98,SBBC
A386D-CPX-5,0.5,18.5,1.01,0,19.3,8.8,0.07,49,0.64,0.56,98.4,SBBC
A386D-CPX-6,0.25,18.2,0.89,0,18.8,9.5,0.05,50,0.66,0.62,99,SBBC
A386D-CPX-7,0.29,17.6,0.84,0,20.2,8.4,0.04,48.6,0.61,0.59,97.2,SBBC
A386D-CPX-8,0.28,17.4,0.87,0,20.4,8.3,0.05,49.5,0.62,0.61,98,SBBC
Average,0.41,18.08,0.99,0.01,19.09,9.03,0.05,49.63,0.67,0.61,98.6,SBBC
A386H-CPX-1,0.25,17.8,1.15,0.03,16,12,0.04,49,0.75,0.44,97.5,SBBC
A386H-CPX-2,0.39,20.1,1.67,0,12.8,12.2,0.05,50.2,0.9,0.46,98.8,SBBC
A386H-CPX-3,0.41,19.4,1.1,0,14.9,11,0.05,49.2,0.64,0.53,97.2,SBBC
A386H-CPX-4,0.44,19.5,1.11,0.09,14.8,11.1,0.04,49.3,0.64,0.57,97.6,SBBC
Average,0.37,19.2,1.26,0.03,14.63,11.58,0.05,49.43,0.73,0.5,97.8,SBBC
A386G-CPX-1,0.4,17.7,0.8,0.03,20.7,8.2,0.07,48.5,0.3,0.51,97.2,SBBC
A386G-CPX-2,0.36,18.6,1.56,0.08,13.7,12.66,0.04,49.7,0.89,0.4,98,SBBC
A386G-CPX-3,0.23,18.3,0.58,0.05,18.3,10.4,0.04,49.4,0.31,0.54,98.2,SBBC
A386G-CPX-4,0.34,18,1.26,0.12,15.4,12,0.05,49.9,0.78,0.45,98.3,SBBC
A386G-CPX-5,0.27,18,1.48,0.02,14.3,13.1,0.04,49.5,0.89,0.4,98,SBBC
Average,0.32,18.12,1.14,0.06,16.48,11.27,0.05,49.4,0.63,0.46,97.9,SBBC
A420-CPX-1,0.23,18.6,0.91,0,22.5,6.1,0.05,49.3,0.7,0.6,99,SBBC
A420-CPX-2,0.2,18.6,0.96,0.01,22,6.4,0.04,49.4,0.73,0.54,98.9,SBBC
A420-CPX-3,0.2,17.9,1.07,0,21.1,7.4,0.04,49.2,0.76,0.58,98.3,SBBC
A420-CPX-4,0.36,18.7,0.93,0.08,22.7,6,0.09,50.2,0.68,0.66,100.4,SBBC
A420-CPX-5,0.2,18.8,1.01,0,21.7,7.3,0.05,50.1,0.76,0.55,100.5,SBBC
A420-CPX-6,0.19,18.4,0.87,0.01,22.6,5.9,0.05,49.3,0.68,0.6,98.6,SBBC
A420-CPX-7,0.23,8.7,0.74,0.01,23.6,5.1,0.05,49.5,0.62,0.58,89.1,SBBC
Average,0.23,17.1,0.93,0.02,22.31,6.31,0.05,49.57,0.7,0.59,97.8,SBBC
A313-CPX-1,0.23,19.2,0.92,0,24.6,4.7,0.05,46.9,0.86,0.61,98.1,SBBC
A313-CPX-2,0.22,19.4,1.14,0.04,26.5,3.9,0.05,47.1,1.06,0.63,100,SBBC
A313-CPX-3,0.23,19.7,0.94,0.01,24.8,4.4,0.06,47.7,0.86,0.6,99.3,SBBC
A313-CPX-4,0.23,19.3,0.89,0.04,25.2,4.2,0.06,47.8,0.86,0.64,99.2,SBBC
A313-CPX-5,0.22,18.7,0.71,0.04,25.7,3.5,0.05,45.6,0.69,0.62,95.8,SBBC
A313-CPX-6,0.22,18,0.95,0,24.4,4.2,0.04,45.8,0.86,0.62,95.1,SBBC
Average,0.23,19.05,0.93,0.02,25.2,4.15,0.05,46.82,0.87,0.62,97.9,SBBC
A386A-CPX-1,0.28,17.6,1.21,0.02,16.2,11.6,0.03,49.3,0.81,0.42,97.5,SBBC
A386A-CPX-2,0.24,17.3,0.93,0,19.5,9.6,0.04,49.3,0.67,0.57,98.2,SBBC
A386A-CPX-3,0.25,17.2,0.82,0.03,22.1,8.1,0.06,49.4,0.62,0.64,99.2,SBBC
A386A-CPX-4,0.21,16.4,0.66,0,23.8,6.7,0.05,48.5,0.57,0.77,97.7,SBBC
A386A-CPX-5,0.31,18.6,0.52,0.01,24.8,4.7,0.04,48.1,0.35,0.67,98.1,SBBC
A386A-CPX-6,0.23,17,0.96,0,19.9,9.1,0.05,49.6,0.68,0.58,98.1,SBBC
Average,0.25,17.35,0.85,0.01,21.05,8.3,0.05,49.03,0.62,0.61,98.1,SBBC
A412-CPX-1,0.21,18.2,1.05,0.1,21,7.8,0.04,48.4,0.69,0.55,98,SBBC
A412-CPX-2,0.22,18.3,1.03,0.01,20.9,8,0.03,48.7,0.68,0.56,98.4,SBBC
A412-CPX-3,0.24,19,0.97,0.01,21.6,7.8,0.05,49.2,0.68,0.55,100.1,SBBC
A412-CPX-4,0.23,18.3,1.05,0.03,21.2,7.7,0.05,48.2,0.66,0.57,98,SBBC
A412-CPX-5,0.23,19,0.9,0.02,22,7.2,0.05,48.7,0.59,0.55,99.2,SBBC
A412-CPX-6,0.21,18.6,0.93,0,21.1,7.7,0.05,48.8,0.68,0.55,98.6,SBBC
Average,0.22,18.57,0.99,0.03,21.3,7.7,0.05,48.67,0.66,0.56,98.7,SBBC
C402-CPX-1,0.21,18,0.99,0.1,20.9,7.5,0.03,47.6,0.66,0.54,96.5,SBBC
C402-CPX-2,0.22,17.8,0.75,0,21.2,7.6,0.03,46.9,0.5,0.53,95.5,SBBC
C402-CPX-3,0.24,18.1,0.75,0.04,22.7,6.7,0.05,48.2,0.55,0.58,97.9,SBBC
C402-CPX-4,0.22,18.2,1.06,0.1,20.3,8.3,0.05,48.2,0.72,0.58,97.7,SBBC
C402-CPX-5,0.23,17.8,1.07,0.07,20.2,8.4,0.03,47.8,0.7,0.54,96.8,SBBC
C402-CPX-6,0.26,17.9,1,0,20.9,7.8,0.04,48.5,0.66,0.6,97.7,SBBC
Average,0.23,17.97,0.94,0.05,21.03,7.72,0.04,47.87,0.63,0.56,97,SBBC
SB28-CPX-1,0.34,17.9,1.62,0.01,12.7,13,0,49.4,0.89,0.33,96.2,SBBC
Average,0.34,17.9,1.62,0.01,12.7,13,0,49.4,0.89,0.33,96.2,SBBC
B309B-CPX-1,0.63,17.9,1.76,0.01,13.6,13.8,0.02,49.8,1.03,0.26,98.8,SBBC
B309B-CPX-2,0.35,17.6,1.57,0.03,15,13.1,0.03,49.7,1.07,0.37,98.8,SBBC
B309B-CPX-3,0.31,15.8,1.25,0.02,17.8,12.8,0.02,50.4,0.83,0.46,99.7,SBBC
B309B-CPX-4,0.33,16.4,0.91,0.1,19.5,11.3,0.04,47.8,0.62,0.5,97.5,SBBC
Average,0.41,16.93,1.37,0.04,16.48,12.75,0.03,49.43,0.89,0.4,98.7,SBBC
B309C-CPX-1,0.29,18.3,1.7,0,13.6,13.6,0.05,50.6,0.84,0.35,99.3,SBBC
B309C-CPX-2,0.3,16.8,1.51,0,17.1,11.6,0.06,49.9,0.68,0.51,98.5,SBBC
B309C-CPX-3,0.38,17.4,2.01,0,15.9,11.3,0.07,49.7,0.56,0.47,97.8,SBBC
B309C-CPX-4,0.25,18.9,1.66,0.04,13.4,14.1,0.05,51.2,0.86,0.33,100.8,SBBC
B309C-CPX-5,0.28,17.7,1.77,0.03,13.8,13.9,0.06,51,0.8,0.37,99.7,SBBC
Average,0.3,17.82,1.73,0.01,14.76,12.9,0.06,50.48,0.75,0.41,99.2,SBBC
C420-CPX-1,0.28,17.1,1.8,0.03,13.1,14.3,0.03,50.8,0.86,0.35,98.7,SBBC
C420-CPX-2,0.29,18.5,1.83,0,12.1,14.1,0.05,50.8,0.95,0.32,98.9,SBBC
C420-CPX-3,0.31,17.2,1.68,0,14.2,13.5,0.04,50.5,0.86,0.43,98.7,SBBC
C420-CPX-4,0.28,16.6,1.55,0,17.1,11.7,0.05,50.1,0.76,0.55,98.7,SBBC
C420-CPX-5,0.33,16.3,1.53,0,16.7,11.9,0.06,49.2,0.78,0.49,97.3,SBBC
C420-CPX-6,0.29,18.2,2.3,0,12.1,14.2,0.04,50.2,0.95,0.32,98.6,SBBC
C420-CPX-7,0.27,18.1,1.42,0,14.6,12.9,0.04,50.7,0.84,0.42,99.3,SBBC
Average,0.29,17.43,1.73,0,14.27,13.23,0.04,50.33,0.86,0.41,98.6,SBBC
B413A-CPX-1,0.25,17.5,1.2,0,14.6,9.3,0.04,45.3,0.71,0.69,89.6,SBBC
B413A-CPX-2,0.2,17.4,1.04,0.05,18.4,10.5,0.05,49.2,0.71,0.54,98.1,SBBC
B413A-CPX-3,0.25,18,0.76,0,22.5,7.3,0.06,49.6,0.58,0.67,99.7,SBBC
B413A-CPX-4,0.26,17.7,1.54,0,15.2,9.8,0.06,46.4,0.77,0.47,92.2,SBBC
B413A-CPX-5,0.22,18,0.92,0.02,21,8.8,0.06,49.6,0.65,0.63,99.9,SBBC
B413A-CPX-6,0.66,18.7,1.49,0,15.7,10.3,0.16,49.3,0.91,0.89,98.1,SBBC
B413A-CPX-7,0.24,16.9,1.2,0,17.5,10.3,0.04,47.2,0.8,0.5,94.7,SBBC
Average,0.3,17.74,1.16,0.01,17.84,9.47,0.07,48.09,0.73,0.63,96,SBBC
C505C-CPX-1,0.31,19.1,1.51,0,13.4,13.8,0.05,50.9,0.87,0.36,100.3,SBBC
C505C-CPX-2,0.3,17.9,1.7,0,13.2,13.9,0.04,49.7,0.81,0.35,97.9,SBBC
C505C-CPX-3,0.28,18.7,1.63,0,13.4,13.9,0.04,51.4,0.84,0.35,100.5,SBBC
C505C-CPX-4,0.27,17.8,1.39,0.06,15,12.7,0.05,49.7,0.79,0.43,98.2,SBBC
C505C-CPX-5,0.28,18.8,1.71,0.15,13.6,13.6,0.04,50.2,0.92,0.36,99.7,SBBC
C505C-CPX-6,0.3,18.9,1.79,0,13.2,13.7,0.04,49.5,0.96,0.36,98.8,SBBC
Average,0.29,18.53,1.62,0.04,13.63,13.6,0.04,50.23,0.87,0.37,99.2,SBBC
C403A-CPX-1,0.43,20.7,2.27,0.03,10.1,14,0.05,49.7,0.76,0.51,98.6,SBBC
C403A-CPX-2,0.36,20.6,2.27,0.05,10.4,13.8,0.03,50.3,0.77,0.48,99.1,SBBC
C403A-CPX-3,0.4,20.8,2.31,0.01,10.3,14.1,0.04,49.8,0.77,0.45,99,SBBC
C403A-CPX-4,0.38,20,2.1,0.1,10.6,13.8,0.04,49.1,0.74,0.55,97.4,SBBC
Average,0.39,20.53,2.24,0.05,10.35,13.93,0.04,49.73,0.76,0.5,98.5,SBBC
B309A-CPX-1,0.45,20.4,3.4,0.05,11.7,12.6,0.06,48.4,0.97,0.5,98.5,SBBC
B309A-CPX-2,0.37,21,1.96,0,10.5,14.1,0.04,51,0.55,0.42,99.9,SBBC
B309A-CPX-3,0.41,20.1,2.92,0,11.4,12.6,0.04,48.8,0.76,0.47,97.5,SBBC
Average,0.41,20.5,2.76,0.02,11.2,13.1,0.05,49.4,0.76,0.46,98.7,SBBC
C414-CPX-1,0.21,17.4,0.94,0.08,20.4,9.2,0.05,49,0.58,0.58,98.4,SBBC
C414-CPX-2,0.23,18,1.71,0,13,13.9,0.04,50.4,0.91,0.35,98.5,SBBC
C414-CPX-3,0.29,18.6,2.13,0.05,12.3,13.2,0.06,49.6,0.88,0.33,97.4,SBBC
C414-CPX-4,0.22,17.6,1.37,0.06,16,12.3,0.04,49.9,0.78,0.41,98.7,SBBC
C414-CPX-5,0.27,18.3,2.15,0.06,13.1,12.8,0.07,49.4,0.84,0.32,97.3,SBBC
C414-CPX-6,0.3,18.4,2.45,0.09,12,13.4,0.05,49.2,1.07,0.27,97.2,SBBC
Average,0.25,18.05,1.79,0.06,14.47,12.47,0.05,49.58,0.84,0.38,97.9,SBBC
BBC1-CPX-1,0.23,18.72,0.83,0,13.53,11.98,0,53.79,0.5,0.42,100,NBBC
BBC1-CPX-2,0.23,18.01,1.02,0,16.76,10.03,0,52.89,0.58,0.48,100,NBBC
BBC1-CPX-3,0.28,17.65,1.2,0,14.24,12.29,0,53.23,0.69,0.4,100,NBBC
BBC1-CPX-4,0.2,14.77,1.29,0,15.52,13.71,0,53.12,0.96,0.45,100,NBBC
BBC1-CPX-5,0.32,18.42,1.28,0,13.57,12.37,0,52.89,0.72,0.45,100,NBBC
BBC1-CPX-6,0.24,18.88,1.33,0,12.66,12.57,0,52.96,0.9,0.45,100,NBBC
BBC1-CPX-7,0.29,18.33,1.12,0,15.6,10.72,0,52.86,0.71,0.38,100,NBBC
BBC1-CPX-8,0.28,18.51,1.29,0,15.02,10.65,0,53.08,0.81,0.36,100,NBBC
BBC1-CPX-9,0.22,14.2,1.27,0,15.06,14.84,0,53.18,0.8,0.43,100,NBBC
Average,0.25,17.5,1.18,0,14.66,12.13,0,53.11,0.74,0.42,100,NBBC
BBC2-CPX-1,0.31,17.27,1.93,0,11.94,14.47,0,53.12,0.96,0,100,NBBC
BBC2-CPX-2,0.31,17.52,1.63,0,12.08,13.85,0,53.34,0.98,0.29,100,NBBC
BBC2-CPX-3,0,19.31,0.58,0,13.94,11.78,0,53.85,0,0.53,100,NBBC
BBC2-CPX-4,0.21,18.79,1.11,0,14.29,11.62,0,52.94,0.75,0.29,100,NBBC
BBC2-CPX-5,0.19,19.88,0.72,0,15.65,9.56,0,53.45,0,0.55,100,NBBC
BBC2-CPX-6,0.27,18.37,2.14,0,10.81,13.85,0,53.45,1.11,0,100,NBBC
BBC2-CPX-7,0.21,16.69,1.51,0,13.22,13.71,0,53.37,0.87,0.43,100,NBBC
BBC2-CPX-8,0.29,18.71,1.46,0,12.89,12.47,0,52.82,0.96,0.39,100,NBBC
BBC2-CPX-9,0.23,18.18,1.35,0,13.5,12.12,0,53.41,0.85,0.34,100,NBBC
BBC2-CPX-10,0.43,18.98,1.61,0,10.37,13.88,0,53.47,0.96,0.29,100,NBBC
BBC2-CPX-11,0.24,18.84,1.65,0,12.3,12.58,0,53.05,0.92,0.41,100,NBBC
BBC2-CPX-12,0.29,18.62,1.22,0,14.29,11.81,0,52.73,0.72,0.33,100,NBBC
Average,0.25,18.43,1.41,0,12.94,12.64,0,53.25,0.76,0.32,100,NBBC
BBC3-CPX-1,0.24,18.92,1.01,0,14.64,11.21,0,53.12,0.86,0,100,NBBC
BBC3-CPX-2,0.24,18.77,1.17,0,13.76,12.05,0,52.98,0.65,0.38,100,NBBC
BBC3-CPX-3,0.27,17.05,1.57,0,12.15,14.34,0,53.4,0.81,0.39,100,NBBC
BBC3-CPX-4,0.26,15.29,0.87,0,17.12,12.46,0,52.91,0.72,0.37,100,NBBC
BBC3-CPX-5,0.26,18.94,1.13,0,14.23,11.24,0,53.08,0.83,0.3,100,NBBC
BBC3-CPX-6,0.36,18.5,1.18,0,15.45,10.86,0,52.7,0.62,0.33,100,NBBC
BBC3-CPX-7,0.25,16.94,1.72,0,12.9,14.08,0,52.83,0.96,0.31,100,NBBC
BBC3-CPX-8,0.19,9.42,0.69,0,22.92,13.57,0,52.16,0.54,0.5,100,NBBC
BBC3-CPX-9,0.32,17.97,1,0,16.31,10.24,0,53.15,0.59,0.43,100,NBBC
BBC3-CPX-10,0.3,19.25,1.79,0,9.68,14.33,0,53.82,0.82,0,100,NBBC
Average,0.27,17.11,1.21,0,14.92,12.44,0,53.02,0.74,0.3,100,NBBC
BBC4-CPX-1,0.31,19.01,1.07,0,13.98,11.32,0,53.16,0.72,0.44,100,NBBC
BBC4-CPX-2,0.23,17.68,0.45,0,18.31,9.58,0,52.97,0.33,0.45,100,NBBC
BBC4-CPX-3,0.34,19.14,1.73,0,10.82,13.44,0,53.21,1.04,0.27,100,NBBC
BBC4-CPX-4,0,18.45,1.78,0,10.51,14.53,0,53.46,0.94,0.33,100,NBBC
BBC4-CPX-5,0.28,17.07,1.54,0,12.8,13.55,0,53.26,1.02,0.49,100,NBBC
BBC4-CPX-6,0.29,17.51,1.84,0,12.1,14.25,0,52.8,0.95,0.26,100,NBBC
BBC4-CPX-7,0.21,17.01,1.41,0,12.78,13.82,0,53.08,1.09,0.61,100,NBBC
BBC4-CPX-8,0,16.02,1.58,0,12.66,15.19,0,53.7,0.85,0,100,NBBC
BBC4-CPX-9,0,15.09,1.17,0,16.93,13.02,0,52.46,0.85,0.47,100,NBBC
BBC4-CPX-10,0.28,15.39,1.45,0,14.12,14.14,0,53.2,0.98,0.44,100,NBBC
BBC4-CPX-11,0.25,18.15,2.18,0.26,10.91,14.66,0,52.81,0.8,0,100,NBBC
Average,0.2,17.32,1.47,0.02,13.27,13.41,0,53.1,0.87,0.34,100,NBBC
BBC5-CPX-1,0.22,18.59,1.13,0,14,11.57,0,53.3,0.69,0.5,100,NBBC
BBC5-CPX-2,0.23,18.54,1.4,0,14.43,11.26,0,53.06,0.66,0.42,100,NBBC
BBC5-CPX-3,0.23,18.34,0.84,0,20.8,6.78,0,52.16,0.35,0.51,100,NBBC
BBC5-CPX-4,0,18.2,1.37,0,13.12,12.62,0,53.37,0.8,0.51,100,NBBC
BBC5-CPX-5,0.22,18.68,1.18,0,14.87,11.02,0,52.9,0.71,0.42,100,NBBC
BBC5-CPX-6,0.26,18.84,1.5,0,12.6,12.16,0,53.25,0.96,0.43,100,NBBC
BBC5-CPX-7,0.18,18.67,1.33,0,13.18,12.11,0,53.25,0.95,0.33,100,NBBC
BBC5-CPX-8,0.19,18.6,1.15,0,14.79,11.18,0,53.38,0.71,0,100,NBBC
BBC5-CPX-9,0.23,18.74,1.62,0,11.97,13.16,0,53,1,0.28,100,NBBC
BBC5-CPX-10,0.28,19.13,1.66,0,11.79,13.01,0,52.93,0.89,0.3,100,NBBC
BBC5-CPX-11,0.17,18.14,0.98,0,17.11,10.05,0,52.34,0.84,0.38,100,NBBC
Average,0.2,18.59,1.29,0,14.42,11.36,0,52.99,0.78,0.37,100,NBBC
BBC6-CPX-1,0.28,19.86,1.97,0.26,6.81,15.93,0,54.29,0.61,0,100,NBBC
BBC6-CPX-2,0.23,19.14,2.06,0.54,7.19,16.1,0,53.91,0.84,0,100,NBBC
BBC6-CPX-3,0.28,16.41,2.18,0.28,9.65,16.27,0,53.19,1.33,0.4,100,NBBC
BBC6-CPX-4,0.29,20.26,2.07,0.3,7.31,14.89,0,53.43,1.46,0,100,NBBC
BBC6-CPX-5,0.34,19.87,2.55,0.24,7.81,14.89,0,52.76,1.55,0,100,NBBC
BBC6-CPX-6,0.23,20.44,2.37,0.43,6.44,15.7,0,53.47,0.92,0,100,NBBC
BBC6-CPX-7,0.21,16.63,2.24,0,8.59,17.02,0,54.46,0.85,0,100,NBBC
BBC6-CPX-8,0.28,19.04,1.29,0.3,7.12,16.43,0,54.8,0.74,0,100,NBBC
BBC6-CPX-9,0.2,18.66,1.98,0.55,7.34,16.31,0,54.14,0.81,0,100,NBBC
BBC6-CPX-10,0.34,19.97,2.75,0.48,6.81,14.91,0,53.87,0.86,0,100,NBBC
BBC6-CPX-11,0.23,19.04,2.46,0.35,7.7,15.81,0,53.36,1.05,0,100,NBBC
BBC6-CPX-12,0.33,20.17,2.54,0.27,7.29,14.92,0,52.89,1.26,0.33,100,NBBC
Average,0.27,19.12,2.21,0.33,7.51,15.77,0,53.71,1.02,0.06,100,NBBC
BBC7-CPX-1,0.22,18.34,0.75,0,16.82,10.02,0,53.12,0.4,0.33,100,NBBC
BBC7-CPX-2,0.18,18.38,1,0,15.41,11.12,0,52.87,0.74,0.3,100,NBBC
BBC7-CPX-3,0.2,16.72,0.99,0,16.85,11.4,0,52.83,0.66,0.36,100,NBBC
BBC7-CPX-4,0.25,18.9,1.06,0,14.68,11.12,0,53.08,0.54,0.36,100,NBBC
BBC7-CPX-5,0,17.69,0.56,0,18.41,9.61,0,52.83,0.39,0.51,100,NBBC
BBC7-CPX-6,0,17.6,0.73,0,18.15,9.64,0,53.09,0.43,0.36,100,NBBC
Average,0.14,17.94,0.85,0,16.72,10.49,0,52.97,0.53,0.37,100,NBBC
BBC8-CPX-1,0.28,18.79,1.29,0,13.55,11.54,0,53.04,0.97,0.54,100,NBBC
BBC8-CPX-2,0.3,18.69,1.28,0,12.98,12.46,0,53.15,0.83,0.31,100,NBBC
BBC8-CPX-3,0,18.04,1.19,0,14.73,11.76,0,53.22,0.67,0.39,100,NBBC
BBC8-CPX-4,0.2,18.99,1.06,0,13.89,11.91,0,52.95,0.7,0.31,100,NBBC
BBC8-CPX-5,0.3,18.31,1.5,0,12.89,12.45,0,53.39,0.84,0.32,100,NBBC
BBC8-CPX-6,0.21,14.94,1.46,0,14.34,14.57,0,53.41,1.07,0,100,NBBC
BBC8-CPX-7,0.25,17.68,1.29,0,13.93,12.26,0,53.34,0.88,0.39,100,NBBC
BBC8-CPX-8,0.3,18.39,1.03,0,14.76,11.34,0,53.12,0.67,0.39,100,NBBC
Average,0.23,17.98,1.26,0,13.88,12.29,0,53.2,0.83,0.33,100,NBBC
BBC9-CPX-1,0.22,17.3,1.02,0,14.77,12.29,0,53.33,0.69,0.38,100,NBBC
BBC9-CPX-2,0.32,17.46,1.26,0,14.04,12.4,0,53.22,0.92,0.38,100,NBBC
BBC9-CPX-3,0.33,17.69,1.32,0,13.94,12.38,0,53.03,0.87,0.43,100,NBBC
BBC9-CPX-4,0.24,13.78,0.91,0,17.36,13.36,0,53.07,0.8,0.49,100,NBBC
BBC9-CPX-5,0.22,15.47,1.09,0,15.63,13.13,0,53.15,0.9,0.4,100,NBBC
BBC9-CPX-6,0.33,17.11,1.26,0,14.51,12.6,0,52.86,0.95,0.38,100,NBBC
BBC9-CPX-7,0.18,17.89,1.14,0,13.34,12.46,0,53.74,0.8,0.44,100,NBBC
BBC9-CPX-8,0,17.78,1.16,0,13.89,12.3,0,53.76,0.74,0.37,100,NBBC
BBC9-CPX-9,0.29,17.73,1.35,0,13.97,12.33,0,53.13,0.7,0.5,100,NBBC
Average,0.24,16.91,1.17,0,14.61,12.58,0,53.25,0.82,0.42,100,NBBC
BBC10-CPX-1,0.22,17.51,1.45,0,13.7,13.24,0,52.75,0.8,0.32,100,NBBC
BBC10-CPX-2,0.35,16.52,1.29,0,14.71,12.53,0,53.36,0.88,0.35,100,NBBC
BBC10-CPX-3,0.65,16.78,1.41,0,15.63,11.99,0,52.44,0.66,0.45,100,NBBC
BBC10-CPX-4,0.4,17.22,1.44,0,13.87,12.8,0,52.87,0.97,0.43,100,NBBC
BBC10-CPX-5,0.23,17.16,1.34,0,13.52,13.17,0,53.21,0.93,0.43,100,NBBC
BBC10-CPX-6,0.22,17.37,1.38,0,14.27,12.52,0,53.02,0.9,0.31,100,NBBC
BBC10-CPX-7,0.19,16.79,1.29,0,15.38,12.08,0,53.36,0.6,0.3,100,NBBC
BBC10-CPX-8,0.26,17.28,1.39,0,14.85,12.19,0,53.14,0.89,0,100,NBBC
BBC10-CPX-9,0,16.9,1.19,0,15.01,12.56,0,53.22,0.81,0.31,100,NBBC
Average,0.28,17.06,1.35,0,14.55,12.56,0,53.04,0.83,0.32,100,NBBC
BBC11A-CPX-1,0.32,17.11,1.07,0,18.07,9.96,0,52.27,0.64,0.56,100,NBBC
BBC11A-CPX-2,0.27,16.78,1.19,0,18.31,9.67,0,52.68,0.75,0.36,100,NBBC
BBC11A-CPX-3,0.33,17.47,1.06,0,17.71,9.87,0,52.4,0.6,0.57,100,NBBC
BBC11A-CPX-4,0.3,16.73,1.22,0,18.31,9.94,0,52.64,0.52,0.33,100,NBBC
BBC11A-CPX-5,0.21,16.9,0.96,0,20.04,9.06,0,51.69,0.63,0.51,100,NBBC
BBC11A-CPX-6,0.28,17.26,1.09,0,19.09,9.14,0,52.18,0.43,0.53,100,NBBC
BBC11A-CPX-7,0.25,17.67,0.9,0,16.94,10.57,0,52.54,0.6,0.54,100,NBBC
BBC11A-CPX-8,0.26,17.09,1,0,19.27,9.15,0,52.14,0.59,0.49,100,NBBC
BBC11A-CPX-9,0.26,17.25,0.99,0,17.59,10.23,0,52.53,0.67,0.48,100,NBBC
BBC11A-CPX-10,0.2,17.2,1.06,0,18.18,9.95,0,52.35,0.51,0.55,100,NBBC
Average,0.27,17.15,1.05,0,18.35,9.75,0,52.34,0.59,0.49,100,NBBC
BBC12-CPX-1,0.31,16.96,1.02,0,18.14,9.9,0,52.35,0.53,0.79,100,NBBC
BBC12-CPX-2,0.26,17.25,0.88,0,18.39,9.81,0,52.39,0.65,0.37,100,NBBC
BBC12-CPX-3,0.34,17.19,1.21,0,18.74,9.26,0,51.84,0.74,0.69,100,NBBC
BBC12-CPX-4,0.21,17.31,0.82,0,18.78,9.26,0,52.57,0.51,0.53,100,NBBC
BBC12-CPX-5,0.29,16.73,1.14,0,19.19,9.39,0,52.15,0.51,0.59,100,NBBC
BBC12-CPX-6,0.19,16.93,1.06,0,18.07,9.96,0,52.85,0.52,0.42,100,NBBC
BBC12-CPX-7,0.21,17.05,1.06,0,18.28,9.89,0,52.36,0.58,0.57,100,NBBC
BBC12-CPX-8,0.26,17.09,1.1,0,18.78,9.29,0,52.09,0.59,0.79,100,NBBC
BBC12-CPX-9,0.24,16.97,1.07,0,19.24,9.18,0,52.17,0.5,0.63,100,NBBC
BBC12-CPX-10,0.35,17.14,1,0,18.69,9.43,0,51.91,0.75,0.74,100,NBBC
BBC12-CPX-11,0.35,17.11,0.97,0,18.59,9.61,0,52.53,0.48,0.36,100,NBBC
BBC12-CPX-12,0.29,17.1,1.01,0,18.78,9.39,0,52.3,0.49,0.64,100,NBBC
BBC12-CPX-13,0.29,16.59,1.07,0,19.09,9.74,0,51.74,0.77,0.71,100,NBBC
Average,0.28,17.03,1.03,0,18.67,9.55,0,52.25,0.59,0.6,100,NBBC
BBC13-CPX-1,0.36,18.79,2.02,0,10.02,14.41,0,52.95,1.15,0.3,100,NBBC
BBC13-CPX-2,0.19,19.04,1.46,0,10.45,13.99,0,53.6,0.97,0.31,100,NBBC
BBC13-CPX-3,0.31,19.89,2.68,0.3,8.97,13.92,0,52.96,0.97,0,100,NBBC
BBC13-CPX-4,0.31,18.86,1.52,0,11.46,13.08,0,53.14,1.23,0.4,100,NBBC
BBC13-CPX-5,0.28,19.08,1.3,0,11.4,13.26,0,53.69,1,0,100,NBBC
BBC13-CPX-6,0.34,19.63,2.26,0,9.64,13.72,0,53.18,1.24,0,100,NBBC
BBC13-CPX-7,0.29,18.84,1.44,0,10.94,13.43,0,53.8,0.83,0.43,100,NBBC
BBC13-CPX-8,0.27,19.09,1.46,0,11.83,13.1,0,53.23,1.02,0,100,NBBC
BBC13-CPX-9,0.35,19.81,1.58,0,8.63,14.5,0,54.32,0.8,0,100,NBBC
BBC13-CPX-10,0.29,19.64,2.18,0,10.83,12.97,0,52.72,1.36,0,100,NBBC
BBC13-CPX-11,0.29,19.5,1.74,0,10,13.55,0,53.22,1.3,0.39,100,NBBC
Average,0.3,19.29,1.79,0.03,10.38,13.63,0,53.35,1.08,0.17,100,NBBC
BBC14-CPX-1,0.3,18.46,1.41,0,12.73,13.86,0,51.84,1.05,0.35,100,NBBC
BBC14-CPX-2,0.38,19.42,2.13,0,9.66,13.56,0,53.7,0.68,0.47,100,NBBC
BBC14-CPX-3,0.38,19.42,2.13,0,9.66,13.56,0,53.7,0.68,0.47,100,NBBC
BBC14-CPX-4,0.3,19.46,2.37,0.39,9.48,13.93,0,53.29,0.79,0,100,NBBC
BBC14-CPX-5,0.31,19.62,2.54,0.67,8.09,14.47,0,53.03,0.96,0.32,100,NBBC
BBC14-CPX-6,0.36,18.79,2.52,0.58,8.56,14.92,0,53,0.93,0.33,100,NBBC
BBC14-CPX-7,0.21,19.75,1.28,0,9.27,14.43,0,54.35,0.39,0.32,100,NBBC
BBC14-CPX-8,0.27,19.48,1.85,0,9.23,14.32,0,53.82,0.78,0.24,100,NBBC
BBC14-CPX-9,0.39,20.01,1.85,0,9.28,14.14,0,53.24,0.66,0.42,100,NBBC
BBC14-CPX-10,0.33,17.42,2.14,0.26,10.71,14.87,0,52.93,1,0.34,100,NBBC
BBC14-CPX-11,0.17,21.2,1.05,0,10.92,12.33,0,53.77,0.55,0,100,NBBC
Average,0.31,19.37,1.93,0.17,9.78,14.04,0,53.33,0.77,0.3,100,NBBC
G500A-CPX-1,0.16,17.4,1.55,0.02,15,13,0.03,52.6,0.92,0.35,101,NBBC
G500A-CPX-2,0.19,16.7,1.38,0.03,17.2,12,0.01,51.4,0.88,0.45,100.2,NBBC
G500A-CPX-3,0.19,16.6,1.17,0.01,18.5,11.3,0.01,52,0.75,0.38,100.9,NBBC
G500A-CPX-4,0.19,16.7,1.09,0,18.7,11.2,0,51.7,0.71,0.47,100.8,NBBC
G500A-CPX-5,0.2,17,1.33,0,15.9,12.5,0,51.8,0.76,0.41,99.9,NBBC
G500A-CPX-6,0.18,17,1.29,0.02,17,12.1,0,51.6,0.84,0.37,100.4,NBBC
G500A-CPX-7,0.17,16.7,1.32,0,16.3,12.8,0,51.6,0.81,0.4,100.1,NBBC
G500A-CPX-8,0.2,17.3,1.55,0,14.6,13.5,0.01,51.1,0.9,0.35,99.5,NBBC
G500A-CPX-9,0.19,16.8,1.45,0,15.6,13,0,52,0.86,0.39,100.3,NBBC
G500A-CPX-10,0.18,17.4,1.6,0.02,17.5,11.4,0,51.3,0.9,0.43,100.7,NBBC
Average,0.19,16.96,1.37,0.01,16.63,12.28,0.01,51.71,0.83,0.4,100.4,NBBC
G550B-CPX-1,0.24,17.9,1.86,0.01,13.1,14,0,51.3,1.04,0.3,99.8,NBBC
G550B-CPX-2,0.26,18.2,2.09,0,12.1,14.3,0,51.8,1.16,0.31,100.2,NBBC
G550B-CPX-3,0.27,18.6,2.06,0.02,12.1,14.3,0.01,51.8,1.06,0.23,100.5,NBBC
G550B-CPX-4,0.25,18.9,1.83,0.03,11.5,14.2,0.02,52.3,1.1,0.31,100.4,NBBC
G550B-CPX-5,0.21,16.1,1.61,0,13.9,14.8,0.02,52.1,0.74,0.32,99.8,NBBC
G550B-CPX-6,0.3,19.5,1.7,0.11,10.1,14.6,0,52.2,0.93,0.2,99.6,NBBC
G550B-CPX-7,0.26,18.2,2.39,0.06,11.3,14.1,0,51.7,1.22,0.26,99.5,NBBC
G550B-CPX-8,0.27,19.5,2.39,0.1,11.1,13.8,0.01,51.6,1.22,0.22,100.2,NBBC
G550B-CPX-9,0.27,18.6,1.69,0.05,10.6,15.1,0,52.4,0.96,0.23,99.9,NBBC
G550B-CPX-10,0.33,19.2,2.36,0.12,10.7,14.4,0,51,1.25,0.2,99.6,NBBC
G550B-CPX-11,0.25,19,1.99,0.05,11.3,14.3,0.01,52.4,1.16,0.21,100.7,NBBC
Average,0.26,18.52,2,0.05,11.62,14.35,0.01,51.87,1.08,0.25,100,NBBC
G500C-CPX-1,0.17,17.6,1.01,0.01,22.1,7.7,0.01,50.4,0.7,0.51,100.2,NBBC
G500C-CPX-2,0.19,17,1.07,0.01,21.3,8.8,0,50.3,0.66,0.48,99.8,NBBC
G500C-CPX-3,0.18,17.8,0.92,0,21.6,7.8,0,51.6,0.67,0.58,101.2,NBBC
G500C-CPX-4,0.18,16.8,1.23,0,23,7.6,0,48.9,0.58,0.47,98.8,NBBC
G500C-CPX-5,0.16,16.1,1.26,0,21.5,9.4,0.01,50.3,0.64,0.63,100,NBBC
G500C-CPX-6,0.21,17.6,0.97,0,22.3,7.7,0.02,51,0.66,0.51,101,NBBC
G500C-CPX-7,0.18,17.8,0.97,0,21.7,8,0,50.5,0.6,0.57,100.3,NBBC
G500C-CPX-8,0.19,17.2,0.99,0,22.2,8.1,0,50.9,0.6,0.52,100.7,NBBC
Average,0.18,17.24,1.05,0,21.96,8.14,0.01,50.49,0.64,0.53,100.2,NBBC
H514-CPX-1,0.29,18.8,2.19,0.02,12.5,13.4,0,51.9,1.24,0.25,100.6,NBBC
H514-CPX-2,0.31,18.7,2.3,0.05,12.1,13.6,0.01,51.2,1.23,0.24,99.7,NBBC
H514-CPX-3,0.31,18.4,2.28,0.01,12.2,13.8,0,51.3,1.22,0.31,99.8,NBBC
H514-CPX-4,0.29,19,1.81,0.06,11.8,14.3,0,52.6,0.99,0.23,101.1,NBBC
H514-CPX-5,0.28,18.2,2.12,0.03,13.3,13.5,0.01,51.1,1.23,0.27,100,NBBC
H514-CPX-6,0.26,18.3,1.68,0,12.7,13.8,0.01,52.2,1.03,0.24,100.2,NBBC
H514-CPX-7,0.17,16.5,1.28,0,17.3,12.3,0.01,51.2,0.73,0.32,99.8,NBBC
H514-CPX-8,0.17,20.4,0.61,0.01,15.2,11.1,0,52.8,0.15,0.31,100.8,NBBC
H514-CPX-9,0.2,16.9,1.29,0.01,16.1,12.5,0,51.5,0.74,0.34,99.6,NBBC
H514-CPX-10,0.23,16.5,1.32,0,16.1,13,0,52.1,0.8,0.43,100.5,NBBC
Average,0.25,18.17,1.69,0.02,13.93,13.13,0,51.79,0.94,0.29,100.2,NBBC
H515-CPX-1,0.22,16.9,1.39,0,17.1,12.4,0.02,51.3,0.78,0.43,100.5,NBBC
H515-CPX-2,0.24,17.7,1.66,0.03,13.7,13.8,0.01,52.2,0.97,0.34,100.7,NBBC
H515-CPX-3,0.23,17.9,1.63,0.01,13.5,13.6,0,52.2,0.96,0.32,100.4,NBBC
H515-CPX-4,0.19,17,1.41,0.02,16.1,12.9,0,51.5,0.88,0.38,100.4,NBBC
H515-CPX-5,0.2,16.3,1.3,0,17.6,12.2,0,52,0.73,0.45,100.8,NBBC
H515-CPX-6,0.16,15.8,1.07,0,20,10.6,0,50.7,0.69,0.49,99.5,NBBC
H515-CPX-7,0.2,17.1,1.61,0.01,15.1,13.5,0,52.5,0.96,0.31,101.3,NBBC
H515-CPX-8,0.19,17.1,1.44,0,15.9,13,0,51.7,0.89,0.32,100.5,NBBC
H515-CPX-9,0.19,16.7,1.22,0.01,18,11.4,0,51.5,0.7,0.44,100.2,NBBC
Average,0.2,16.94,1.41,0.01,16.33,12.6,0,51.73,0.84,0.39,100.5,NBBC
G549-CPX-1,0.22,17.5,1.68,0.03,14.8,13.2,0,52.1,0.98,0.28,100.8,NBBC
G549-CPX-2,0.22,17.7,1.75,0,13.9,13.4,0,51.9,0.98,0.35,100.2,NBBC
G549-CPX-3,0.2,17.2,1.65,0,14.7,13.3,0.01,51.9,0.92,0.33,100.2,NBBC
G549-CPX-4,0.19,17.5,1.49,0,15.6,12.9,0,51.8,0.85,0.39,100.7,NBBC
G549-CPX-5,0.11,14.6,1.01,0.01,22.1,10.4,0,50.6,0.6,0.55,100,NBBC
G549-CPX-6,0.18,16.6,1.42,0,17.2,12.4,0,51.1,0.76,0.39,100.1,NBBC
G549-CPX-7,0.25,18.2,2.19,0.03,13.4,13.4,0,51.7,1.12,0.26,100.6,NBBC
G549-CPX-8,0.21,17.1,1.63,0,14.2,13.9,0.01,52.1,0.84,0.34,100.3,NBBC
G549-CPX-9,0.19,17.8,1.62,0.05,13.6,13.7,0,52.2,0.9,0.3,100.4,NBBC
G549-CPX-10,0.22,17.3,1.79,0.04,14,13.6,0.01,51.8,0.96,0.32,100,NBBC
G549-CPX-11,0.19,16.5,1.38,0,17.2,12.6,0,51.7,0.8,0.38,100.8,NBBC
G549-CPX-12,0.23,17.6,1.7,0.06,14.1,13.6,0,51.6,0.93,0.32,100.1,NBBC
Average,0.2,17.13,1.61,0.02,15.4,13.03,0,51.71,0.89,0.35,100.3,NBBC
G528-CPX-1,0.17,17,1.53,0.02,15.2,13.3,0.01,51.7,0.87,0.34,100.1,NBBC
G528-CPX-2,0.22,17.9,1.78,0.04,12.8,13.9,0.01,52.8,0.94,0.27,100.7,NBBC
G528-CPX-3,0.2,17,1.64,0,15,13.1,0,51.8,0.88,0.33,100,NBBC
G528-CPX-4,0.19,17.8,1.7,0.04,14,13.5,0.02,51.5,0.94,0.33,100,NBBC
G528-CPX-5,0.16,17,1.5,0,16.8,12.1,0.01,51.2,0.73,0.38,99.9,NBBC
G528-CPX-6,0.2,17.1,1.63,0,14.7,13.6,0,51.9,0.9,0.33,100.4,NBBC
G528-CPX-7,0.25,16.9,1.56,0,15.4,12.9,0.03,51.4,0.89,0.36,99.7,NBBC
G528-CPX-8,0.17,16.7,1.35,0.02,17.1,12,0.01,51,0.76,0.37,99.5,NBBC
G528-CPX-9,0.22,17.7,1.63,0.02,14.1,13.3,0,51.8,0.86,0.39,100,NBBC
G528-CPX-10,0.24,17.3,1.57,0,15.1,13.3,0,51.5,0.94,0.4,100.4,NBBC
G528-CPX-11,0.19,17.5,1.68,0,13.9,13.5,0,52.5,0.91,0.3,100.5,NBBC
Average,0.2,17.26,1.6,0.01,14.92,13.14,0.01,51.74,0.87,0.35,100.1,NBBC
G527-CPX-1,0.18,16.6,1.2,0.03,18.7,11.4,0.01,51.6,0.64,0.45,100.8,NBBC
G527-CPX-2,0.18,17.7,1.6,0,14.7,13.1,0.01,51.6,0.89,0.33,100.1,NBBC
G527-CPX-3,0.16,16.6,1.22,0,18.7,11.2,0.01,51.2,0.6,0.46,100.2,NBBC
G527-CPX-4,0.22,17.9,1.66,0.02,13.7,13.8,0,52.5,0.96,0.31,101.1,NBBC
G527-CPX-5,0.24,17.5,1.7,0.02,14.1,13.6,0.03,52,0.92,0.32,100.4,NBBC
G527-CPX-6,0.2,16.8,1.59,0.04,15.4,12.9,0,51.9,0.86,0.37,100.1,NBBC
G527-CPX-7,0.2,17.1,1.62,0.04,14.7,13.1,0,51.8,0.92,0.39,99.9,NBBC
G527-CPX-8,0.23,17.4,1.66,0.03,13.9,13.5,0,52.1,0.94,0.29,100.1,NBBC
G527-CPX-9,0.19,17.6,1.72,0,14.2,13.4,0.01,51.7,0.99,0.32,100.1,NBBC
G527-CPX-10,0.13,15.8,1.54,0.02,17.2,12.8,0,50.8,0.81,0.47,99.6,NBBC
G527-CPX-11,0.18,17,1.5,0,18,11.2,0.01,50.5,0.81,0.37,99.6,NBBC
Average,0.19,17.09,1.55,0.02,15.75,12.73,0.01,51.61,0.85,0.37,100.2,NBBC
G536-CPX-1,0.19,16.5,1.57,0,17.1,11.9,0.01,51.3,0.75,0.36,99.7,NBBC
G536-CPX-2,0.2,16.8,1.32,0,16.7,12,0.02,52.1,0.79,0.42,100.4,NBBC
G536-CPX-3,0.23,17.1,1.32,0,16.8,12.2,0,51.4,0.79,0.4,100.2,NBBC
G536-CPX-4,0.23,16.4,1.32,0.01,16.7,12.6,0,52,0.75,0.46,100.5,NBBC
G536-CPX-5,0.22,16.2,1.27,0.03,17.3,12.6,0,51.8,0.74,0.39,100.6,NBBC
G536-CPX-6,0.23,16.5,1.37,0.02,17.1,12,0,51.7,0.8,0.37,100.1,NBBC
G536-CPX-7,0.18,16.4,1.29,0,17.4,12.2,0.01,51.1,0.77,0.41,99.8,NBBC
G536-CPX-8,0.22,17.1,1.31,0,17,12.1,0.01,51.9,0.78,0.36,100.8,NBBC
G536-CPX-9,0.21,16.5,1.23,0,17,12.3,0,50.9,0.76,0.37,99.3,NBBC
G536-CPX-10,0.2,16.9,1.26,0.04,17,12.1,0,51.4,0.8,0.32,100,NBBC
G536-CPX-11,0.22,16.8,1.32,0,16.4,12.5,0.01,52,0.81,0.33,100.4,NBBC
Average,0.21,16.65,1.33,0.01,16.95,12.23,0.01,51.6,0.78,0.38,100.1,NBBC
KP1-CPX-1,0.25,18.45,1.92,0,9.59,15.15,0,53.56,1.09,0,100,Keweenaw
KP1-CPX-2,0.44,17.33,1.43,0,9.87,15.94,0,53.72,0.92,0.35,100,Keweenaw
KP1-CPX-3,0,1.99,0.6,0,20.99,20.82,0,54.61,0.4,0.59,100,Keweenaw
KP1-CPX-4,0,15.55,1.18,0,12.14,15.92,0,54.43,0.78,0,100,Keweenaw
KP1-CPX-5,0.34,16.84,1.59,0,11.85,14.82,0,53.44,1.13,0,100,Keweenaw
KP1-CPX-6,0.28,18.38,1.78,0,8.69,15.79,0,54.27,0.82,0,100,Keweenaw
KP1-CPX-7,0.27,18.75,2.25,0,7.62,15.97,0,54,1.14,0,100,Keweenaw
KP1-CPX-8,0.27,18.72,1.77,0,8.88,15.51,0,53.72,1.12,0,100,Keweenaw
KP1-CPX-9,0.19,11.05,1.04,0,15.92,16.99,0,53.73,0.78,0.3,100,Keweenaw
KP1-CPX-10,0,4.23,0.76,0,19.46,20.06,0,54.58,0.49,0.42,100,Keweenaw
KP1-CPX-11,0.36,17.72,1.29,0,10.05,15.6,0,54.1,0.88,0,100,Keweenaw
KP1-CPX-12,0,3.78,1.05,0,19.42,20.81,0,54.19,0.39,0.36,100,Keweenaw
KP1-CPX-13,0.22,18.33,1.87,0,9.3,15.24,0,53.76,0.97,0.31,100,Keweenaw
Average,0.2,13.93,1.43,0,12.6,16.82,0,54.01,0.84,0.18,100,Keweenaw
KP5-CPX-1,0.22,17.09,1.8,0,11.23,15.13,0,53.33,0.87,0.32,100,Keweenaw
KP5-CPX-2,0.48,16.88,1.93,0,10.57,15.74,0,53.03,1.36,0,100,Keweenaw
KP5-CPX-3,0,3.72,0.37,0,19.3,21.18,0,54.42,0.5,0.52,100,Keweenaw
KP5-CPX-4,0,5.3,0.92,0,17.62,20.86,0,54.11,0.68,0.5,100,Keweenaw
KP5-CPX-5,0.3,16.22,1.8,0,11.34,15.7,0,53.37,1.01,0.26,100,Keweenaw
KP5-CPX-6,0.19,16.01,1.66,0,11.56,15.94,0,53.37,0.98,0.29,100,Keweenaw
KP5-CPX-7,0.29,19.06,2.33,0.39,7.23,15.98,0,53.63,0.81,0.27,100,Keweenaw
KP5-CPX-8,0.31,18.66,2.15,0,8.57,15.55,0,53.28,1.22,0.25,100,Keweenaw
KP5-CPX-9,0.21,15.77,1.26,0,11.59,16.13,0,54.21,0.83,0,100,Keweenaw
KP5-CPX-10,0.27,18,2.13,0,8.75,15.9,0,53.5,1.13,0.31,100,Keweenaw
KP5-CPX-11,0.31,18.78,1.95,0,8.13,15.83,0,53.52,1.14,0.34,100,Keweenaw
KP5-CPX-12,0,20.81,0.63,0,8.1,14.61,0,55.54,0,0.33,100,Keweenaw
Average,0.22,15.53,1.58,0.03,11.17,16.55,0,53.78,0.88,0.28,100,Keweenaw
KP6-CPX-1,0.27,17.6,2.18,0,11.23,14.69,0,52.35,1.25,0.43,100,Keweenaw
KP6-CPX-2,0,11.19,1.27,0,14.76,17.51,0,54.41,0.51,0.36,100,Keweenaw
KP6-CPX-3,0.2,15.8,1.39,0,10.87,17.29,0,53.34,0.78,0.35,100,Keweenaw
KP6-CPX-4,0,21.54,1.86,0.22,9.32,16.63,0,53.1,0.45,0.01,103.1,Keweenaw
KP6-CPX-5,0.32,17.67,2.11,0,10.28,15.09,0,53.43,1.09,0,100,Keweenaw
KP6-CPX-6,0,17.15,1.46,0,11.44,14.97,0,53.51,1.1,0.37,100,Keweenaw
Average,0.13,16.83,1.71,0.04,11.32,16.03,0,53.36,0.86,0.25,100.5,Keweenaw
KP7A-CPX-1,0.38,20.09,1.94,0.32,8.07,17.3,0,50.86,0.72,0.32,100,Keweenaw
KP7A-CPX-2,0.31,19.58,2.27,0.38,8.35,16.83,0,51.12,0.8,0.36,100,Keweenaw
KP7A-CPX-3,0.3,19.14,2.05,0,8.75,17.04,0,51.54,0.9,0.28,100,Keweenaw
KP7A-CPX-4,0,20.09,1.86,0.32,9.08,16.63,0,51.1,0.92,0,100,Keweenaw
KP7A-CPX-5,0,21.91,1.83,0,12.64,13.61,0,48.66,0.95,0.4,100,Keweenaw
KP7A-CPX-6,0,20.09,1.86,0.32,9.08,16.63,0,51.1,0.92,0,100,Keweenaw
KP7A-CPX-7,0.3,19.25,2.09,0.35,8.09,17.17,0,51.68,0.81,0.26,100,Keweenaw
KP7A-CPX-8,0.25,20.14,1.95,0.27,8.68,16.79,0,51.35,0.57,0,100,Keweenaw
KP7A-CPX-9,0,21.91,1.83,0,12.64,13.61,0,48.66,0.95,0.4,100,Keweenaw
KP7A-CPX-10,0,21.91,1.83,0,12.64,13.61,0,48.66,0.95,0.4,100,Keweenaw
KP7A-CPX-11,0.4,19.16,1.77,0,12.6,14.43,0,50.55,1.1,0,100,Keweenaw
KP7A-CPX-12,0.25,21.24,2.25,0.56,8.51,16.13,0,50.33,0.73,0,100,Keweenaw
KP7A-CPX-13,0.34,20.26,1.85,0.26,9.61,16.13,0,50.36,0.84,0.35,100,Keweenaw
KP7A-CPX-14,0.26,19.86,1.98,0.4,8.71,16.89,0,51.17,0.74,0,100,Keweenaw
KP7A-CPX-15,0.33,19.16,2.03,0.3,8.81,16.97,0,51.75,0.65,0,100,Keweenaw
Average,0.21,20.25,1.96,0.23,9.75,15.98,0,50.59,0.84,0.18,100,Keweenaw
KP7B-CPX-1,0.29,17.96,1.35,0,14.09,14.5,0,50.46,0.99,0.36,100,Keweenaw
KP7B-CPX-2,0.29,17.77,1.34,0,15.73,13.56,0,50.18,1.13,0,100,Keweenaw
KP7B-CPX-3,0.41,17.89,1.34,0,15.14,13.88,0,50.05,0.92,0.36,100,Keweenaw
KP7B-CPX-4,0.29,19.56,1.59,0,15.22,12.55,0,49.56,0.87,0.36,100,Keweenaw
KP7B-CPX-5,0.29,17.96,1.35,0,14.09,14.5,0,50.46,0.99,0.36,100,Keweenaw
KP7B-CPX-6,0.41,17.89,1.34,0,15.14,13.88,0,50.05,0.92,0.36,100,Keweenaw
KP7B-CPX-7,0.29,17.77,1.34,0,14.73,14.56,0,50.18,1.13,0,100,Keweenaw
KP7B-CPX-8,0.38,18.14,1.65,0,15.29,13.07,0.15,50.27,0.71,0.34,100,Keweenaw
KP7B-CPX-9,0.33,17.35,3.06,0,15.43,14.3,0,48.23,0.93,0.37,100,Keweenaw
KP7B-CPX-10,0.3,18.44,1.29,0,14.66,14.25,0,50.18,0.87,0,100,Keweenaw
KP7B-CPX-11,0.31,17.48,0.9,0,17.69,12.49,0,49.87,0.68,0.59,100,Keweenaw
KP7B-CPX-12,0.27,16.35,0.9,0,17.55,13.49,0,50.19,0.69,0.55,100,Keweenaw
Average,0.32,17.88,1.45,0,15.4,13.75,0.01,49.97,0.9,0.3,100,Keweenaw
KP10-CPX-1,0.21,17.49,1.08,0,13.3,13.45,0,53.15,0.85,0.46,100,Keweenaw
KP10-CPX-2,0.33,18.77,2.16,0,9.98,14.28,0,52.91,1.15,0.43,100,Keweenaw
KP10-CPX-3,0.19,17.71,1.3,0,13.18,13.32,0,53.16,0.85,0.29,100,Keweenaw
KP10-CPX-4,0.26,17.36,1.47,0,12.85,13.51,0,53.11,1.01,0.42,100,Keweenaw
KP10-CPX-5,0,1.29,13.44,0,29.12,16.55,0,39.27,0,0.34,100,Keweenaw
KP10-CPX-6,0.23,17.55,1.34,0,13.08,13.19,0,53.42,0.8,0.37,100,Keweenaw
KP10-CPX-7,0,1.63,12.98,0,27.61,16.14,0.17,41.15,0,0.32,100,Keweenaw
KP10-CPX-8,0.27,17.4,1.23,0,13.58,13.04,0,53.21,0.77,0.5,100,Keweenaw
KP10-CPX-9,0.3,18.7,1.8,0,10.86,13.84,0,53.14,0.97,0.4,100,Keweenaw
KP10-CPX-10,0.31,18.81,1.49,0,11.37,13.58,0,53.39,1.05,0,100,Keweenaw
Average,0.21,14.67,3.83,0,15.49,14.09,0.02,50.59,0.75,0.35,100,Keweenaw
KP11A-CPX-1,0.23,17.63,1.06,0,14.27,12.69,0,53.05,0.78,0.28,100,Keweenaw
KP11A-CPX-2,0.3,16.64,1.04,0,16.65,11.37,0,52.79,0.84,0.36,100,Keweenaw
KP11A-CPX-3,0.28,17.49,0.98,0,14.56,12.3,0,53.47,0.93,0,100,Keweenaw
KP11A-CPX-4,0.3,16.63,0.63,0,17.95,10.75,0,52.92,0.35,0.47,100,Keweenaw
KP11A-CPX-5,0.24,17.98,1.19,0,13.08,12.85,0,53.08,1.17,0.42,100,Keweenaw
KP11A-CPX-6,0.3,17.13,1.09,0,15.77,11.9,0,52.78,0.76,0.27,100,Keweenaw
KP11A-CPX-7,0.27,16.35,0.9,0,17.55,13.49,0,50.19,0.69,0.55,100,Keweenaw
KP11A-CPX-8,0,18.01,3.19,0,14.26,10.33,0,53.08,0,1.14,100,Keweenaw
KP11A-CPX-9,0.31,17.48,0.9,0,17.69,12.49,0,49.87,0.68,0.59,100,Keweenaw
KP11A-CPX-10,0.34,20.26,1.85,0.26,16.23,9.61,0,50.36,0.84,0.35,100.1,Keweenaw
KP11A-CPX-11,0.32,16.9,1.1,0,16.27,11.43,0,52.68,0.93,0.38,100,Keweenaw
KP11A-CPX-12,0.22,17.33,0.71,0,17.6,10.29,0,52.43,0.95,0.45,100,Keweenaw
Average,0.26,17.49,1.22,0.02,15.99,11.63,0,52.23,0.74,0.44,100,Keweenaw
KP12-CPX-1,0.43,18.01,0.54,0,24.99,5.97,0,48.64,0.56,0.87,100,Keweenaw
KP12-CPX-2,0.32,18.49,0.51,0,23.76,6.62,0,49.05,0.6,0.64,100,Keweenaw
KP12-CPX-3,0.23,17.25,0.9,0,21.09,9.7,0,49.63,0.57,0.62,100,Keweenaw
KP12-CPX-4,0.31,18.02,0.66,0,23.77,7.14,0,48.82,0.66,0.61,100,Keweenaw
KP12-CPX-5,0.26,18.11,0.75,0,21.87,8.53,0,49.09,0.9,0.51,100,Keweenaw
KP12-CPX-6,0.2,18,0.79,0,21.3,9.13,0,49.39,0.69,0.51,100,Keweenaw
KP12-CPX-7,0.26,18.1,0.81,0,19.09,10.77,0,49.54,0.71,0.71,100,Keweenaw
KP12-CPX-8,0,17.31,1.09,0,20.33,10.74,0,49.47,0.62,0.45,100,Keweenaw
KP12-CPX-9,0.24,17.92,1.9,0,18.18,11.22,0,48.87,1.18,0.48,100,Keweenaw
KP12-CPX-10,0.21,17.6,1.02,0,18.78,11.56,0,49.53,0.83,0.45,100,Keweenaw
KP12-CPX-11,0.25,17.21,0.76,0,20.98,9.84,0,49.43,0.9,0.62,100,Keweenaw
KP12-CPX-12,0.37,17.39,0.36,0,26.04,6.08,0,48.67,0.29,0.81,100,Keweenaw
KP12-CPX-13,0.34,18.22,0.72,0,24.98,5.95,0,48.42,0.68,0.7,100,Keweenaw
KP12-CPX-14,0.3,17.81,1.14,0,16.95,12.74,0,49.65,0.92,0.48,100,Keweenaw
KP12-CPX-15,0.48,17.32,1.42,0,19.69,10.49,0,48.92,1.1,0.59,100,Keweenaw
Average,0.28,17.78,0.89,0,21.45,9.1,0,49.14,0.75,0.6,100,Keweenaw
KP14A-CPX-1,0.34,17.27,0.75,0,20.96,10.39,0,49.26,0.61,0.41,100,Keweenaw
KP14A-CPX-2,0.25,16.93,0.85,0,20.52,10.64,0,49.51,0.78,0.52,100,Keweenaw
KP14A-CPX-3,0.33,16.93,0.88,0,20.83,10.21,0,49.6,0.64,0.58,100,Keweenaw
KP14A-CPX-4,0.23,17.01,0.84,0,20.13,10.57,0,49.89,0.89,0.43,100,Keweenaw
KP14A-CPX-5,0.3,16.49,1.04,0,20.27,10.99,0,49.52,0.87,0.51,100,Keweenaw
KP14A-CPX-6,0.39,17.31,1,0,20.24,10.27,0,49.33,0.75,0.72,100,Keweenaw
KP14A-CPX-7,0.3,16.85,0.76,0,20.32,10.89,0,49.48,0.87,0.52,100,Keweenaw
KP14A-CPX-8,0.39,17.18,0.85,0,20.77,10.23,0,49.39,0.73,0.46,100,Keweenaw
KP14A-CPX-9,0.3,16.93,0.67,0,20.4,10.51,0,49.83,0.84,0.52,100,Keweenaw
KP14A-CPX-10,0.28,17.02,0.79,0,20.41,10.3,0,49.82,0.85,0.52,100,Keweenaw
Average,0.31,16.99,0.84,0,20.49,10.5,0,49.56,0.78,0.52,100,Keweenaw
KP14B-CPX-1,0.32,18.47,1.8,0,11.16,13.64,0,53,1.29,0.32,100,Keweenaw
KP14B-CPX-2,0.3,18.68,1.45,0,10.77,14.28,0,53.52,1.01,0,100,Keweenaw
KP14B-CPX-3,0.24,18.47,1.86,0,11.26,13.71,0,53.3,1.16,0,100,Keweenaw
KP14B-CPX-4,0.39,17.58,1.37,0,13.36,12.78,0,53.37,0.79,0.35,100,Keweenaw
KP14B-CPX-5,0.28,18.18,2.14,0,11.42,13.85,0,52.58,1.23,0.33,100,Keweenaw
KP14B-CPX-6,0.35,17.9,1.32,0,12.35,13.44,0,53.23,1,0.4,100,Keweenaw
KP14B-CPX-7,0.29,18.09,1.68,0,12.35,13.28,0,52.75,1.25,0.31,100,Keweenaw
KP14B-CPX-8,0.25,18.68,1.9,0,10.5,14.34,0,53.26,1.08,0,100,Keweenaw
KP14B-CPX-9,0.36,19.09,2.37,0.26,9.6,14.26,0,52.7,1.03,0.34,100,Keweenaw
Average,0.31,18.35,1.77,0.03,11.42,13.73,0,53.08,1.09,0.23,100,Keweenaw
KP15-CPX-1,0.28,17.57,1.77,0,9.92,15.66,0,53.35,1.09,0.35,100,Keweenaw
KP15-CPX-2,0.21,18.1,1.33,0,8.76,16.4,0,54.04,0.79,0.36,100,Keweenaw
KP15-CPX-3,0,3.88,0,0,21.91,19.08,0,54.26,0.38,0.5,100,Keweenaw
KP15-CPX-4,0,2.55,0.27,0,22.82,19.09,0,54.33,0.41,0.53,100,Keweenaw
KP15-CPX-5,0.24,18.66,2.44,0.67,7.56,15.89,0,53.32,0.93,0.29,100,Keweenaw
KP15-CPX-6,0,2.54,0.37,0,22.7,19.65,0,54.32,0,0.41,100,Keweenaw
KP15-CPX-7,0.24,17.9,1.27,0,9.15,16.11,0,54.23,0.85,0.25,100,Keweenaw
KP15-CPX-8,0,2.51,0.27,0,23,19.3,0,53.98,0.35,0.59,100,Keweenaw
KP15-CPX-9,0.25,14.56,1.13,0,12.76,15.95,0,54.01,0.85,0.5,100,Keweenaw
KP15-CPX-10,0,5.32,0.65,0,19.83,19.31,0,53.77,0.57,0.55,100,Keweenaw
KP15-CPX-11,0.31,18.84,2.05,0,7.78,15.87,0,54.29,0.86,0,100,Keweenaw
KP15-CPX-12,0.28,15.36,1.52,0,13.18,15.19,0,53.01,1.06,0.4,100,Keweenaw
Average,0.15,11.48,1.09,0.06,14.95,17.29,0,53.91,0.68,0.39,100,Keweenaw
KP101-CPX-1,0.25,16.38,1.66,0,12.81,14.18,0,53.32,0.97,0.43,100,Keweenaw
KP101-CPX-2,0.25,16.38,1.66,0,12.81,14.18,0,53.32,0.97,0.43,100,Keweenaw
KP101-CPX-3,0,3.47,0.52,0,23.52,17.71,0,53.72,0.43,0.63,100,Keweenaw
KP101-CPX-4,0.27,17.92,1.96,0,10.98,14.83,0,52.72,1.32,0,100,Keweenaw
KP101-CPX-5,0.29,16.55,1.21,0,12.86,14.34,0,53.59,0.84,0.32,100,Keweenaw
KP101-CPX-6,0.26,15.47,1.25,0,15.1,13.66,0,52.88,0.8,0.57,100,Keweenaw
KP101-CPX-7,0.33,17.33,1.15,0,13.1,13.31,0,53.69,0.71,0.39,100,Keweenaw
KP101-CPX-8,0.24,16.54,1.53,0,12.9,14.25,0,53.24,0.92,0.38,100,Keweenaw
KP101-CPX-9,0,4.8,0.37,0,23.97,16.54,0,53.17,0.51,0.63,100,Keweenaw
KP101-CPX-10,0.31,17.62,1.72,0,12,13.98,0,52.87,1.19,0.3,100,Keweenaw
Average,0.22,14.25,1.3,0,15.01,14.7,0,53.25,0.87,0.41,100,Keweenaw
KP108-CPX-1,0.27,18.38,1.16,0,13.97,14.5,0,50.86,0.57,0.28,100,Keweenaw
KP108-CPX-2,0,21.91,1.83,0,12.64,13.61,0,48.66,0.95,0.4,100,Keweenaw
KP108-CPX-3,0.29,19.56,1.59,0,15.22,12.55,0,49.56,0.87,0.36,100,Keweenaw
KP108-CPX-4,0.41,17.89,1.34,0,15.14,13.88,0,50.05,0.92,0.36,100,Keweenaw
KP108-CPX-5,0,21.91,1.83,0,12.64,13.61,0,48.66,0.95,0.4,100,Keweenaw
KP108-CPX-6,0.21,17.75,1.83,0,12.62,15.85,0,50.24,1.14,0.36,100,Keweenaw
KP108-CPX-7,0.35,18.22,1.64,0,11.43,15.97,0,50.99,1.02,0.38,100,Keweenaw
KP108-CPX-8,0.29,17.77,1.34,0,14.75,14.32,0,51.2,1.21,0,100.9,Keweenaw
KP108-CPX-9,0,3.64,0.63,0,20.66,19.76,0,54.27,0.38,0.67,100,Keweenaw
KP108-CPX-10,0.23,16.57,1.51,0,15.64,14.3,0,50.48,0.95,0.33,100,Keweenaw
Average,0.21,17.36,1.47,0,14.47,14.84,0,50.5,0.9,0.35,100.1,Keweenaw
KP111A-CPX-1,0.38,17.15,1.27,0,13.53,13.47,0,53.32,0.88,0,100,Keweenaw
KP111A-CPX-2,0.25,19.12,2.26,0,15.03,8.76,0,53.81,0.76,0,100,Keweenaw
KP111A-CPX-3,0,18.63,1.65,0,15.63,9.07,0,54.44,0.59,0,100,Keweenaw
KP111A-CPX-4,0.22,19.26,1.75,0,15.31,8.48,0,54.01,0.97,0,100,Keweenaw
KP111A-CPX-5,0.26,19.16,1.73,0,15.32,8.42,0,54.19,0.64,0.29,100,Keweenaw
KP111A-CPX-6,0.32,17.75,1.33,0,13.7,12.4,0,53.24,0.92,0.34,100,Keweenaw
KP111A-CPX-7,0.24,18.76,2.01,0,15.51,8.74,0,53.6,0.87,0.27,100,Keweenaw
KP111A-CPX-8,0.32,19.07,1.87,0.39,15.32,8.41,0,53.83,0.8,0,100,Keweenaw
KP111A-CPX-9,0.35,19.05,1.7,0,15.14,8.77,0,53.83,0.87,0.29,100,Keweenaw
KP111A-CPX-10,0.45,19,1.86,0,14.72,8.86,0,53.66,1.03,0.42,100,Keweenaw
KP111A-CPX-11,0.32,19.33,1.77,0,15.03,8.31,0,54.51,0.72,0,100,Keweenaw
KP111A-CPX-12,0.57,18.91,1.77,0,15.69,8.47,0,53.71,0.87,0,100,Keweenaw
Average,0.31,18.77,1.75,0.03,14.99,9.35,0,53.85,0.83,0.13,100,Keweenaw
KP111B-CPX-1,0.4,17.39,1.24,0,13.56,12.71,0,53.5,0.89,0.31,100,Keweenaw
KP111B-CPX-2,0.25,18.89,1.89,0.25,8.92,15.24,0,53.73,0.82,0,100,Keweenaw
KP111B-CPX-3,0.32,17,1.28,0,13.61,12.71,0,54.03,0.74,0.3,100,Keweenaw
KP111B-CPX-4,0.33,18.53,2.17,0,15.29,8.9,0,53.89,0.9,0,100,Keweenaw
KP111B-CPX-5,0.3,16.71,1.07,0,14.76,12.81,0,53.35,0.62,0.38,100,Keweenaw
KP111B-CPX-6,0.29,18.09,3.01,0,14.1,10.41,0,52.79,1.31,0,100,Keweenaw
KP111B-CPX-7,0.21,18.97,1.77,0.22,15.07,8.51,0,54.07,0.9,0.27,100,Keweenaw
KP111B-CPX-8,0.43,16.51,10.68,0,11.11,11.23,0,48.79,0.88,0.37,100,Keweenaw
KP111B-CPX-9,0.26,19.2,2.53,0,8.48,14.99,0,53.31,0.96,0.27,100,Keweenaw
Average,0.31,17.92,2.85,0.05,12.77,11.95,0,53.05,0.89,0.21,100,Keweenaw
KP111C-CPX-1,0.42,18.62,1.74,0,10.65,14.12,0,53.34,1.12,0,100,Keweenaw
KP111C-CPX-2,0.34,18.58,1.52,0,10.63,14.18,0,53.36,0.97,0.42,100,Keweenaw
KP111C-CPX-3,0.16,19.14,1.73,0,9.09,14.9,0,54,0.68,0.29,100,Keweenaw
KP111C-CPX-4,0.25,18.97,1.92,0,9.37,14.8,0,53.85,0.84,0,100,Keweenaw
KP111C-CPX-5,0.51,17.72,1.58,0,11.97,14,0,52.83,1.06,0.33,100,Keweenaw
KP111C-CPX-6,0.33,16.62,1.4,0,14.07,13.17,0,53.05,0.95,0.42,100,Keweenaw
KP111C-CPX-7,0.2,18.72,1.71,0.31,10.56,14.2,0,53.12,0.92,0.25,100,Keweenaw
KP111C-CPX-8,0.55,17.61,1.42,0,12.4,13.71,0,53,0.91,0.4,100,Keweenaw
Average,0.35,18.25,1.63,0.04,11.09,14.14,0,53.32,0.93,0.26,100,Keweenaw
KP114-CPX-1,0.2,18.41,1.36,0,13.35,14.49,0,50.82,0.84,0.54,100,Keweenaw
KP114-CPX-2,0.29,18.99,1.59,0,12.1,14.84,0,50.49,1.28,0.42,100,Keweenaw
KP114-CPX-3,0.29,18.41,1.49,0,13.05,15.12,0,50.43,1.2,0,100,Keweenaw
KP114-CPX-4,0.3,17.07,1.36,0,15.42,14.43,0,50.11,0.94,0.36,100,Keweenaw
KP114-CPX-5,0,17.63,1.37,0,14.86,14.37,0,50.34,0.97,0.47,100,Keweenaw
KP114-CPX-6,0.29,18.2,1.4,0,13.71,14.99,0,50.5,0.91,0,100,Keweenaw
KP114-CPX-7,0.29,18.58,1.71,0,12.85,14.61,0,50.54,1.42,0,100,Keweenaw
KP114-CPX-8,0.3,18.25,1.84,0,13.59,14.43,0,50.29,1.29,0,100,Keweenaw
Average,0.25,18.19,1.52,0,13.62,14.66,0,50.44,1.11,0.22,100,Keweenaw
IR1-CPX-1,0.28,18.26,2.36,0.61,15.67,8.43,0,53.52,0.87,0,100,Isle Royale
IR1-CPX-2,0,17.98,1.47,0,12.38,13.59,0,53.06,1.09,0.42,100,Isle Royale
IR1-CPX-3,0.2,18.85,1.49,0,14.67,9.89,0,54.07,0.83,0,100,Isle Royale
IR1-CPX-4,0.32,18.43,1.62,0,14.2,10.82,0,53.82,0.79,0,100,Isle Royale
IR1-CPX-5,0.23,19.11,1.44,0.29,15.82,8.2,0,54.2,0.7,0,100,Isle Royale
IR1-CPX-6,0.27,19.02,1.61,0,14.67,9.77,0,53.87,0.79,0,100,Isle Royale
IR1-CPX-7,0.3,18.11,1.26,0,12.63,12.89,0,53.25,1.04,0.52,100,Isle Royale
IR1-CPX-8,0.46,18.89,1.96,0,15.22,9.11,0,53.34,1.03,0,100,Isle Royale
IR1-CPX-9,0.26,18.81,1.55,0,14.68,9.72,0,53.89,0.7,0.38,100,Isle Royale
IR1-CPX-10,0.28,16.96,0.91,0,15.69,12.41,0,52.63,0.7,0.41,100,Isle Royale
Average,0.26,18.44,1.57,0.09,14.56,10.48,0,53.57,0.85,0.17,100,Isle Royale
IR3-CPX-1,0.27,17.6,1.35,0,12.76,13.62,0,53.21,0.93,0.26,100,Isle Royale
IR3-CPX-2,0.42,17.54,1.56,0,12.18,13.78,0,53.08,1.11,0.33,100,Isle Royale
IR3-CPX-3,0.42,17.54,1.56,0,12.18,13.78,0,53.08,1.11,0.33,100,Isle Royale
IR3-CPX-4,0.33,17.54,1.45,0,12.65,13.69,0,52.97,1.05,0.32,100,Isle Royale
IR3-CPX-5,0.3,17.34,1.17,0,13.8,12.94,0,53.71,0.75,0,100,Isle Royale
IR3-CPX-6,0.3,17.83,1.45,0,12.04,13.91,0,53.2,0.96,0.3,100,Isle Royale
IR3-CPX-7,0.28,17.23,1.39,0,12.88,13.73,0,53.37,0.88,0.25,100,Isle Royale
IR3-CPX-8,0.31,17.62,1.44,0,12.32,13.72,0,53.29,0.96,0.35,100,Isle Royale
IR3-CPX-9,0.25,18.58,1.79,0,14.71,10.13,0.13,53.33,0.79,0.29,100,Isle Royale
IR3-CPX-10,0.24,18.19,1.73,0,15,9.95,0,54.06,0.82,0,100,Isle Royale
Average,0.31,17.7,1.49,0,13.05,12.93,0.01,53.33,0.94,0.24,100,Isle Royale
IR6-CPX-1,0.29,17.59,1.86,0,12.08,14.09,0,53.04,1.06,0,100,Isle Royale
IR6-CPX-2,0.29,18.07,1.54,0,12.22,13.4,0,52.98,1.19,0.32,100,Isle Royale
IR6-CPX-3,0.33,17.7,1.94,0,14.06,11.68,0,53.06,1.23,0,100,Isle Royale
IR6-CPX-4,0.22,18.76,2.04,0,13.77,11.14,0,53.05,1.02,0,100,Isle Royale
IR6-CPX-5,0.27,17.33,1.21,0,13.93,12.9,0,52.99,0.93,0.44,100,Isle Royale
IR6-CPX-6,0.29,17.97,1.5,0,14.23,11.26,0,53.67,0.78,0,99.7,Isle Royale
IR6-CPX-7,0.21,16.74,1.08,0,14.4,13.08,0,53.19,0.79,0.51,100,Isle Royale
IR6-CPX-8,0.21,16.43,0.98,0,16.5,12.04,0,52.69,0.76,0.39,100,Isle Royale
IR6-CPX-9,0.22,17.37,1.08,0,14.63,12.56,0,53.01,0.86,0.27,100,Isle Royale
IR6-CPX-10,0.16,16.61,0.87,0,15.73,12.38,0,52.96,0.75,0.53,100,Isle Royale
Average,0.25,17.46,1.41,0,14.16,12.45,0,53.06,0.94,0.25,100,Isle Royale
IR7A-CPX-1,0.28,17.51,1.27,0,13.02,13.37,0,53.27,0.91,0.37,100,Isle Royale
IR7A-CPX-2,0.19,18.61,1.49,0,14.5,10.59,0,53.58,0.8,0.24,100,Isle Royale
IR7A-CPX-3,0.28,15.68,1.17,0,16.34,12.58,0,52.61,0.89,0.45,100,Isle Royale
IR7A-CPX-4,0.35,16.3,1.15,0,15.49,12.48,0,52.62,1.14,0.47,100,Isle Royale
IR7A-CPX-5,0.25,17.56,1.43,0,13.39,13.26,0,52.72,1.15,0.24,100,Isle Royale
IR7A-CPX-6,0.35,17.06,0.96,0,15.13,12.49,0,53.2,0.82,0,100,Isle Royale
IR7A-CPX-7,0.23,17.16,1.12,0,14.07,12.61,0,53.4,0.93,0.49,100,Isle Royale
IR7A-CPX-8,0.44,17.35,1.73,0,13.48,12.77,0,52.68,1.23,0.32,100,Isle Royale
IR7A-CPX-9,0.24,18.48,1.6,0,10.05,14.84,0,53.38,0.93,0.45,100,Isle Royale
Average,0.29,17.3,1.32,0,13.94,12.78,0,53.05,0.98,0.34,100,Isle Royale
IR7B-CPX-1,0.33,16.6,1.46,0,12.48,14.76,0,53.39,0.98,0,100,Isle Royale
IR7B-CPX-2,0.17,18.78,1.89,0,8.1,16.03,0,54.37,0.65,0,100,Isle Royale
IR7B-CPX-3,0.25,18.69,2.19,0.41,7.49,15.86,0,54.33,0.79,0,100,Isle Royale
IR7B-CPX-4,0.23,17.07,1.51,0,10.99,15.48,0,53.79,0.94,0,100,Isle Royale
IR7B-CPX-5,0.2,18.32,1.83,0,9.93,15.36,0,53.03,0.97,0.35,100,Isle Royale
IR7B-CPX-6,0.29,17.43,1.82,0,10.05,15.83,0,53.56,1.03,0,100,Isle Royale
IR7B-CPX-7,0.16,17.61,1.57,0,10.31,15.45,0,53.5,1.06,0.33,100,Isle Royale
IR7B-CPX-8,0.25,18.25,1.32,0,8.57,16.21,0,54.44,0.66,0.3,100,Isle Royale
Average,0.24,17.84,1.7,0.05,9.74,15.62,0,53.8,0.89,0.12,100,Isle Royale
IR7C-CPX-1,0,17.93,0.75,0,20.4,9.88,0,49.77,0.71,0.56,100,Isle Royale
IR7C-CPX-2,0.27,17.29,0.82,0,20.82,9.69,0,49.52,0.86,0.72,100,Isle Royale
IR7C-CPX-3,0.34,17.56,0.9,0,18.51,11.28,0,49.87,0.93,0.62,100,Isle Royale
IR7C-CPX-4,0.33,17.51,0.66,0,23.55,7.63,0,48.77,0.88,0.66,100,Isle Royale
IR7C-CPX-5,0.28,18.19,0.85,0,24.55,6.96,0,47.82,0.69,0.67,100,Isle Royale
IR7C-CPX-6,0.21,17.9,0.75,0,25.36,6.26,0,47.94,0.86,0.71,100,Isle Royale
IR7C-CPX-7,0.24,17.59,0.81,0,24.96,6.44,0,48.41,0.83,0.73,100,Isle Royale
IR7C-CPX-8,0.44,16.8,1.27,0,17.58,12.65,0,49.95,0.84,0.47,100,Isle Royale
IR7C-CPX-9,0,17.1,0.99,0,20.12,10.28,0,50,0.83,0.67,100,Isle Royale
IR7C-CPX-10,0.25,17.7,0.99,0,20.9,9.69,0,49.27,0.69,0.51,100,Isle Royale
IR7C-CPX-11,0,18.33,0.73,0,22.52,8.69,0,48.32,0.82,0.6,100,Isle Royale
IR7C-CPX-12,0.24,18.42,0.94,0,21.9,8.51,0,48.75,0.85,0.39,100,Isle Royale
IR7C-CPX-13,0.3,17.09,0.85,0,19.83,10.92,0,49.76,0.82,0.43,100,Isle Royale
Average,0.22,17.65,0.87,0,21.62,9.14,0,49.09,0.82,0.6,100,Isle Royale
IR12-CPX-1,0.29,17.57,2.1,0,10.05,15.04,0,53.26,1.33,0.37,100,Isle Royale
IR12-CPX-2,0.33,17.66,1.2,0,9.07,16.1,0,55.05,0.58,0,100,Isle Royale
IR12-CPX-3,0.43,17.44,1.76,0,11.18,14.54,0,53.27,1.39,0,100,Isle Royale
IR12-CPX-4,0.19,13.74,0.81,0,13.04,16.65,0,54.52,0.72,0.33,100,Isle Royale
IR12-CPX-5,0,12.76,0.82,0,14.07,17.24,0,54.09,0.68,0.35,100,Isle Royale
IR12-CPX-6,0.35,16.7,1.72,0,12.29,14.56,0,53.23,1.15,0,100,Isle Royale
IR12-CPX-7,0.31,16.64,1.28,0,10.57,15.86,0,54.2,0.84,0.29,100,Isle Royale
Average,0.27,16.07,1.38,0,11.47,15.71,0,53.95,0.96,0.19,100,Isle Royale
IR15-CPX-1,0.27,18.05,1.63,0,9.62,15.46,0,53.78,0.85,0.34,100,Isle Royale
IR15-CPX-2,0.3,17.84,2.34,0.66,7.68,16.39,0,54.03,0.76,0,100,Isle Royale
IR15-CPX-3,0.28,16.8,1.28,0,11.87,14.72,0,53.75,0.94,0.36,100,Isle Royale
IR15-CPX-4,0.33,17.23,1.75,0,10.92,15.3,0,53.47,1.02,0,100,Isle Royale
IR15-CPX-5,0.38,16.97,1.61,0,11.22,15.03,0,53.44,1.09,0.27,100,Isle Royale
IR15-CPX-6,0.37,17.59,1.63,0,11.13,14.86,0,53.1,0.97,0.34,100,Isle Royale
IR15-CPX-7,0.22,18.5,1.41,0,8.36,16.08,0,54.76,0.66,0,100,Isle Royale
IR15-CPX-8,0.33,18.29,1.92,0,8.78,15.83,0,53.86,0.75,0.25,100,Isle Royale
IR15-CPX-9,0.33,18.8,2.21,0.63,7.3,16.18,0,53.81,0.74,0,100,Isle Royale
IR15-CPX-10,0.36,16.95,1.7,0,11.38,15.09,0,52.99,1.13,0.4,100,Isle Royale
Average,0.32,17.7,1.75,0.13,9.83,15.49,0,53.7,0.89,0.2,100,Isle Royale
IR16-CPX-1,0.31,18.33,1.65,0,12.99,12.35,0,53.41,0.97,0,100,Isle Royale
IR16-CPX-2,0.27,18.77,1.59,0,13.7,10.16,0,54.59,0.64,0.28,100,Isle Royale
IR16-CPX-3,0.34,18.11,1.64,0,11.36,13.83,0,53.25,1.06,0.4,100,Isle Royale
IR16-CPX-4,0.2,17.25,1.42,0,13.5,13.21,0,53.33,0.79,0.29,100,Isle Royale
IR16-CPX-5,0.21,17.22,1.31,0,14,12.66,0,53.26,1.02,0.32,100,Isle Royale
IR16-CPX-6,0.27,17.19,1.23,0,14.86,12.7,0,52.69,0.81,0.26,100,Isle Royale
Average,0.27,17.81,1.47,0,13.4,12.49,0,53.42,0.88,0.26,100,Isle Royale
IR17-CPX-1,0.24,17.3,0.81,0,22.69,8.79,0,48.69,0.91,0.56,100,Isle Royale
IR17-CPX-2,0.26,17.93,0.83,0,23.04,7.79,0,48.87,0.78,0.5,100,Isle Royale
IR17-CPX-3,0.25,17.52,0.64,0,22.33,8.53,0,49.27,0.84,0.62,100,Isle Royale
IR17-CPX-4,0.21,17.32,0.94,0,20.13,11.01,0,49.34,0.78,0.28,100,Isle Royale
IR17-CPX-5,0.29,17.69,0.84,0,23.12,7.77,0,49.01,0.77,0.51,100,Isle Royale
IR17-CPX-6,0,17.87,0.68,0,23.86,7.64,0,48.72,0.79,0.43,100,Isle Royale
IR17-CPX-7,0,17.77,0.68,0,23.75,7.93,0,48.62,0.81,0.44,100,Isle Royale
IR17-CPX-8,0.29,18.2,0.82,0,24.51,6.31,0,48.73,0.66,0.47,100,Isle Royale
IR17-CPX-9,0.21,18.25,0.7,0,23.22,7.69,0,48.5,0.81,0.61,100,Isle Royale
IR17-CPX-10,0.39,17.75,0.62,0,24.54,7.18,0,48.23,0.59,0.7,100,Isle Royale
IR17-CPX-11,0.29,17.25,0.74,0,25.42,6.49,0,48.5,0.62,0.68,100,Isle Royale
IR17-CPX-12,0.25,17.77,0.77,0,23.64,7.81,0,48.68,0.68,0.39,100,Isle Royale
Average,0.22,17.72,0.76,0,23.35,7.91,0,48.76,0.75,0.52,100,Isle Royale
IR19A-CPX-1,0.31,16.92,1.03,0,15.62,11.83,0,52.95,0.93,0.41,100,Isle Royale
IR19A-CPX-2,0.29,17.09,1,0,16.61,11.15,0,52.65,0.72,0.48,100,Isle Royale
IR19A-CPX-3,0.25,17.3,0.95,0,16.35,11.21,0,52.72,0.86,0.37,100,Isle Royale
IR19A-CPX-4,0.25,17.3,0.95,0,16.35,11.21,0,52.72,0.86,0.37,100,Isle Royale
IR19A-CPX-5,0.22,16.7,0.73,0,18.44,10.38,0,52.42,0.78,0.33,100,Isle Royale
IR19A-CPX-6,0.26,17.06,0.84,0,16.48,11.31,0,52.69,0.81,0.55,100,Isle Royale
IR19A-CPX-7,0.31,17.55,1.02,0,15.85,11.1,0,52.84,0.93,0.41,100,Isle Royale
IR19A-CPX-8,0.22,17.13,0.79,0,17.6,10.39,0,52.6,0.83,0.44,100,Isle Royale
IR19A-CPX-9,0.32,16.9,1.1,0,16.27,11.43,0,52.68,0.93,0.38,100,Isle Royale
Average,0.27,17.11,0.93,0,16.62,11.11,0,52.7,0.85,0.42,100,Isle Royale
IR19B-CPX-1,0,18.21,1.78,0,8.78,15.84,0,54.22,0.93,0.24,100,Isle Royale
IR19B-CPX-2,0.2,17.56,1.58,0,10.14,15.5,0,53.92,1.09,0,100,Isle Royale
IR19B-CPX-3,0.25,18.38,1.35,0.27,8.13,16.56,0,54.52,0.54,0,100,Isle Royale
IR19B-CPX-4,0.34,15.65,1.71,0,12,15.73,0,53.49,1.09,0,100,Isle Royale
IR19B-CPX-5,0.29,16.47,1.76,0,11.06,15.41,0,53.42,1.15,0.44,100,Isle Royale
IR19B-CPX-6,0.26,16.41,1.2,0,12.38,15.07,0,53.79,0.63,0.25,100,Isle Royale
IR19B-CPX-7,0.29,18.2,1.37,0,8.92,15.93,0,54.56,0.74,0,100,Isle Royale
IR19B-CPX-8,0.18,16.57,1.28,0,10.56,16.43,0,54.35,0.62,0,100,Isle Royale
IR19B-CPX-9,0.23,17.92,1.96,0.25,8.49,16.19,0,53.89,0.75,0.33,100,Isle Royale
IR19B-CPX-10,0.26,18,1.84,0,8.93,16.01,0,54.03,0.93,0,100,Isle Royale
IR19B-CPX-11,0.21,14.85,1.39,0,12.72,15.71,0,53.83,1.01,0.28,100,Isle Royale
Average,0.23,17.11,1.57,0.05,10.19,15.85,0,54,0.86,0.14,100,Isle Royale
IR20-CPX-1,0.3,17.72,2.27,0.54,8.05,16.23,0,53.86,0.71,0.32,100,Isle Royale
IR20-CPX-2,0.22,18.74,2.06,0.24,7.84,15.97,0,53.86,0.74,0.33,100,Isle Royale
IR20-CPX-3,0.41,17.73,1.78,0,10.46,15.14,0,53.09,1.16,0.24,100,Isle Royale
IR20-CPX-4,0.24,17.85,2.07,0.31,8.22,16.13,0,54.42,0.74,0,100,Isle Royale
IR20-CPX-5,0.29,15.69,1.78,0,12.25,15.69,0,52.92,1.07,0.31,100,Isle Royale
IR20-CPX-6,0.29,18.1,2.25,0.49,7.62,16.41,0,53.7,0.86,0.28,100,Isle Royale
IR20-CPX-7,0.29,16.97,1.92,0,9.98,15.89,0,53.89,0.75,0.32,100,Isle Royale
IR20-CPX-8,0.29,18.72,2.02,0,8.21,15.93,0,53.83,0.74,0.26,100,Isle Royale
IR20-CPX-9,0.18,19.2,1.62,0,7.54,16.25,0,54.59,0.62,0,100,Isle Royale
IR20-CPX-10,0.4,17.4,1.54,0,9.94,15.59,0,53.85,0.97,0.31,100,Isle Royale
Average,0.29,17.81,1.93,0.16,9.01,15.92,0,53.8,0.84,0.24,100,Isle Royale
IR22-CPX-1,0.21,16.49,1.2,0,11.07,16.07,0,53.86,0.77,0.33,100,Isle Royale
IR22-CPX-2,0.39,17.54,1.73,0,9.93,15.51,0,53.57,1.34,0,100,Isle Royale
IR22-CPX-3,0.24,18.7,1.99,0.34,8.17,15.53,0,53.96,0.76,0.31,100,Isle Royale
IR22-CPX-4,0.29,15.29,1.57,0,12.82,15.49,0,53.29,0.93,0.31,100,Isle Royale
IR22-CPX-5,0.25,16.32,1.32,0,13.61,15.01,0,52.43,0.79,0.28,100,Isle Royale
IR22-CPX-6,0.2,18.96,1.56,0.55,7.03,16.53,0,54.34,0.58,0.24,100,Isle Royale
IR22-CPX-7,0.34,19.24,2.2,0.6,6.75,16,0,53.84,0.76,0.28,100,Isle Royale
IR22-CPX-8,0.32,16.16,1.55,0,11.78,15.33,0,53.63,0.88,0.35,100,Isle Royale
IR22-CPX-9,0.18,17.09,1.56,0,11.58,14.93,0,53.72,0.94,0,100,Isle Royale
Average,0.27,17.31,1.63,0.17,10.3,15.6,0,53.63,0.86,0.23,100,Isle Royale
IR23-CPX-1,0.39,17.86,1.78,0,13.72,15.06,0,49.6,1.28,0.33,100,Isle Royale
IR23-CPX-2,0.31,17.39,1.18,0,15.29,14.37,0,50.85,0.63,0,100,Isle Royale
IR23-CPX-3,0.25,18.34,1.25,0,14.45,13.9,0,50.36,0.83,0.62,100,Isle Royale
IR23-CPX-4,0.24,18.75,1.01,0,14.23,14.37,0,50.26,0.73,0.42,100,Isle Royale
IR23-CPX-5,0.29,20.01,1.7,0,14.24,13.66,0,49.06,1.03,0,100,Isle Royale
IR23-CPX-6,0.42,16.73,1.98,0,14.72,13.79,0,51.07,0.75,0.53,100,Isle Royale
IR23-CPX-7,0.59,18.73,3.11,0,12.59,12.93,0,51.03,0.69,0.33,100,Isle Royale
IR23-CPX-8,1.7,17.81,8.16,0,10.26,10.83,0,50.57,0.67,0,100,Isle Royale
IR23-CPX-9,0.35,19.58,1.96,0,14.89,11.06,0,51.48,0.68,0,100,Isle Royale
IR23-CPX-10,0.36,17.86,1.63,0,15.52,13.49,0,50.92,0.92,0.31,101,Isle Royale
Average,0.49,18.31,2.38,0,13.99,13.35,0,50.52,0.82,0.25,100.1,Isle Royale
IR26A-CPX-1,0.27,18.04,1.61,0,14.23,11.05,0,53.6,0.84,0.36,100,Isle Royale
IR26A-CPX-2,0.26,17.87,2.13,0,14.65,10.74,0,53.22,1.14,0,100,Isle Royale
IR26A-CPX-3,0.35,17.3,1.45,0,14.15,11.92,0,53.59,0.91,0.34,100,Isle Royale
IR26A-CPX-4,0.26,17.4,1.28,0,12.91,13.65,0,53.31,0.87,0.33,100,Isle Royale
IR26A-CPX-5,0.29,17.91,1.75,0,14.6,10.53,0,53.71,0.93,0.27,100,Isle Royale
IR26A-CPX-6,0.19,18.1,1.65,0,14.76,10.74,0,53.28,0.97,0.32,100,Isle Royale
IR26A-CPX-7,0.4,17.82,1.77,0,13.37,12.75,0,52.36,1.13,0.38,100,Isle Royale
IR26A-CPX-8,0.37,18.07,1.74,0,14.15,10.97,0,53.5,0.96,0.25,100,Isle Royale
IR26A-CPX-9,0.25,18.05,1.72,0,14.47,10.73,0,53.38,1.06,0.34,100,Isle Royale
IR26A-CPX-10,0.31,17.62,1.74,0,14.17,12.06,0,53.23,0.87,0,100,Isle Royale
IR26A-CPX-11,0.24,17.55,1.69,0,15.24,10.72,0,53.64,0.92,0,100,Isle Royale
Average,0.29,17.79,1.68,0,14.25,11.44,0,53.35,0.96,0.24,100,Isle Royale
IR26B-CPX-1,0.26,19.3,1.99,0.37,7.16,16.24,0,54.03,0.64,0,100,Isle Royale
IR26B-CPX-2,0.3,17.44,1.59,0,10.6,15.19,0,53.63,0.97,0.28,100,Isle Royale
IR26B-CPX-3,0.33,17.28,1.76,0,10.5,15.49,0,53.33,0.91,0.4,100,Isle Royale
IR26B-CPX-4,0.25,15.91,1.37,0,13.35,14.72,0,52.95,1.01,0.42,100,Isle Royale
IR26B-CPX-5,0.29,18.9,1.45,0.42,7.62,16.26,0,54.52,0.54,0,100,Isle Royale
IR26B-CPX-6,0.3,17.9,1.37,0,9.17,15.69,0,54.45,0.78,0.34,100,Isle Royale
IR26B-CPX-7,0,19.07,1.45,0,7.49,16.17,0,54.92,0.64,0.25,100,Isle Royale
IR26B-CPX-8,0.27,18.6,1.35,0,7.71,16.36,0,54.54,0.84,0.33,100,Isle Royale
IR26B-CPX-9,0,18.83,1.44,0.29,7.06,16.65,0,55.15,0.59,0,100,Isle Royale
Average,0.22,18.14,1.53,0.12,8.96,15.86,0,54.17,0.77,0.22,100,Isle Royale
IR27-CPX-1,0.29,16.72,1.79,0,10.59,15.88,0,53.39,1.04,0.3,100,Isle Royale
IR27-CPX-2,0.21,16.04,1.79,0,11.57,15.42,0,53.29,1.29,0.38,100,Isle Royale
IR27-CPX-3,0.35,17.07,1.64,0,11.84,14.62,0,53.4,1.08,0,100,Isle Royale
IR27-CPX-4,0.39,16.25,1.76,0.25,11.47,15.32,0,52.93,1.21,0.41,100,Isle Royale
IR27-CPX-5,0.32,18.6,2.26,0.55,7.6,15.85,0,53.51,0.99,0.31,100,Isle Royale
IR27-CPX-6,0,18.05,2.05,0.25,8.07,16.48,0,54.36,0.73,0,100,Isle Royale
IR27-CPX-7,0.27,18.67,2.08,0,8.14,16.11,0,53.99,0.75,0,100,Isle Royale
IR27-CPX-8,0.33,15.45,1.82,0,11.1,16.37,0,53.64,1,0.3,100,Isle Royale
Average,0.27,17.11,1.9,0.13,10.05,15.76,0,53.56,1.01,0.21,100,Isle Royale